Host,User,Password,Select_priv,Insert_priv,Update_priv,Delete_priv,Create_priv,Drop_priv,Reload_priv,Shutdown_priv,Process_priv,File_priv,Grant_priv,References_priv,Index_priv,Alter_priv,Show_db_priv,Super_priv,Create_tmp_table_priv,Lock_tables_priv,Execute_priv,Repl_slave_priv,Repl_client_priv,Create_view_priv,Show_view_priv,Create_routine_priv,Alter_routine_priv,Create_user_priv,Event_priv,Trigger_priv,Create_tablespace_priv,ssl_type,ssl_cipher,x509_issuer,x509_subject,max_questions,max_updates,max_connections,max_user_connections,plugin,authentication_string,password_expired
localhost,root,*C9C617682F1DE8AF4B8BF7D6B05C33BD2F630F20,Y,Y,Y,Y,Y,Y,Y,Y,Y,Y,Y,Y,Y,Y,Y,Y,Y,Y,Y,Y,Y,Y,Y,Y,Y,Y,Y,Y,Y,,,,,0,0,0,0,,,N
127.0.0.1,root,,Y,Y,Y,Y,Y,Y,Y,Y,Y,Y,Y,Y,Y,Y,Y,Y,Y,Y,Y,Y,Y,Y,Y,Y,Y,Y,Y,Y,Y,,,,,0,0,0,0,,,N
::1,root,,Y,Y,Y,Y,Y,Y,Y,Y,Y,Y,Y,Y,Y,Y,Y,Y,Y,Y,Y,Y,Y,Y,Y,Y,Y,Y,Y,Y,Y,,,,,0,0,0,0,,,N
%,courseUserr,*F8A8CB558B51F4089C1CB1B67EB6B42AA7226526,Y,Y,Y,N,N,N,N,N,N,N,N,N,N,N,N,N,N,N,N,N,N,N,N,N,N,N,N,N,N,,,,,0,0,0,0,mysql_native_password,,N
localhost,pma,,N,N,N,N,N,N,N,N,N,N,N,N,N,N,N,N,N,N,N,N,N,N,N,N,N,N,N,N,N,,,,,0,0,0,0,,,N
