Hours,MW
1,0
2,0
3,0
4,0
5,0
6,0
7,0
8,0.023802113
9,0.213218253
10,0.401482397
11,0.331431712
12,0.270154184
13,0.333562506
14,0.374907884
15,0.284219276
16,0.090677453
17,0
18,0
19,0
20,0
21,0
22,0
23,0
24,0
25,0
26,0
27,0
28,0
29,0
30,0
31,0
32,0.023836505
33,0.220897818
34,0.421799686
35,0.409111133
36,0.382605569
37,0.471213694
38,0.607271806
39,0.507084864
40,0.170127266
41,0
42,0
43,0
44,0
45,0
46,0
47,0
48,0
49,0
50,0
51,0
52,0
53,0
54,0
55,0
56,0
57,0.104388984
58,0.325319924
59,0.342138305
60,0.295848456
61,0.342884603
62,0.416254367
63,0.351983361
64,0.111948922
65,0
66,0
67,0
68,0
69,0
70,0
71,0
72,0
73,0
74,0
75,0
76,0
77,0
78,0
79,0
80,0
81,0.113995985
82,0.338071796
83,0.385310881
84,0.366497076
85,0.431033128
86,0.438257513
87,0.35505438
88,0.143265019
89,0
90,0
91,0
92,0
93,0
94,0
95,0
96,0
97,0
98,0
99,0
100,0
101,0
102,0
103,0
104,0.018116785
105,0.178389085
106,0.32643465
107,0.333604426
108,0.392685729
109,0.478126181
110,0.579498791
111,0.474137732
112,0.148582841
113,0
114,0
115,0
116,0
117,0
118,0
119,0
120,0
121,0
122,0
123,0
124,0
125,0
126,0
127,0
128,0.02453552
129,0.212655851
130,0.40577846
131,0.427414645
132,0.441464327
133,0.506860327
134,0.591169871
135,0.519903337
136,0.200008812
137,0
138,0
139,0
140,0
141,0
142,0
143,0
144,0
145,0
146,0
147,0
148,0
149,0
150,0
151,0
152,0.017939041
153,0.174138782
154,0.388458206
155,0.402735946
156,0.388063178
157,0.504188607
158,0.597965086
159,0.537166922
160,0.222781369
161,0
162,0
163,0
164,0
165,0
166,0
167,0
168,0
169,0
170,0
171,0
172,0
173,0
174,0
175,0
176,0.044133275
177,0.300763307
178,0.493092338
179,0.404735574
180,0.228603203
181,0.1832556
182,0.154008271
183,0.037232462
184,0
185,0
186,0
187,0
188,0
189,0
190,0
191,0
192,0
193,0
194,0
195,0
196,0
197,0
198,0
199,0
200,0
201,0.080311646
202,0.25308823
203,0.306861571
204,0.302838937
205,0.331446293
206,0.354364984
207,0.377425688
208,0.18333561
209,0
210,0
211,0
212,0
213,0
214,0
215,0
216,0
217,0
218,0
219,0
220,0
221,0
222,0
223,0
224,0.026657092
225,0.175939491
226,0.304857678
227,0.295834273
228,0.282924029
229,0.358243287
230,0.564809373
231,0.621234032
232,0.267500817
233,0
234,0
235,0
236,0
237,0
238,0
239,0
240,0
241,0
242,0
243,0
244,0
245,0
246,0
247,0
248,0
249,0.154283776
250,0.415584066
251,0.426128986
252,0.250805651
253,0.155419798
254,0.068979471
255,0.042144863
256,0.041114557
257,0
258,0
259,0
260,0
261,0
262,0
263,0
264,0
265,0
266,0
267,0
268,0
269,0
270,0
271,0
272,0.045581931
273,0.311708671
274,0.501257783
275,0.425198303
276,0.394994858
277,0.423943893
278,0.470921861
279,0.482819002
280,0.222364279
281,0
282,0
283,0
284,0
285,0
286,0
287,0
288,0
289,0
290,0
291,0
292,0
293,0
294,0
295,0
296,0
297,0.122719492
298,0.383655632
299,0.484910174
300,0.447257073
301,0.446133598
302,0.525019442
303,0.576646722
304,0.273682685
305,0
306,0
307,0
308,0
309,0
310,0
311,0
312,0
313,0
314,0
315,0
316,0
317,0
318,0
319,0
320,0.017369456
321,0.197041757
322,0.376516716
323,0.303267664
324,0.188399211
325,0.246607416
326,0.459511273
327,0.55672579
328,0.258144921
329,0
330,0
331,0
332,0
333,0
334,0
335,0
336,0
337,0
338,0
339,0
340,0
341,0
342,0
343,0
344,0.058892375
345,0.336156703
346,0.465704114
347,0.339303616
348,0.206634549
349,0.096437445
350,0.204475531
351,0.162358729
352,0
353,0
354,0
355,0
356,0
357,0
358,0
359,0
360,0
361,0
362,0
363,0
364,0
365,0
366,0
367,0
368,0
369,0.106947131
370,0.287041455
371,0.368655867
372,0.453601406
373,0.495036816
374,0.531398104
375,0.535456753
376,0.236130454
377,0
378,0
379,0
380,0
381,0
382,0
383,0
384,0
385,0
386,0
387,0
388,0
389,0
390,0
391,0
392,0.030495821
393,0.180511237
394,0.365154629
395,0.403654977
396,0.345124009
397,0.389712417
398,0.569252728
399,0.650018766
400,0.305280517
401,0
402,0
403,0
404,0
405,0
406,0
407,0
408,0
409,0
410,0
411,0
412,0
413,0
414,0
415,0
416,0.018928667
417,0.179182512
418,0.37396305
419,0.448856477
420,0.472444217
421,0.531868384
422,0.623362664
423,0.525720974
424,0.19249542
425,0
426,0
427,0
428,0
429,0
430,0
431,0
432,0
433,0
434,0
435,0
436,0
437,0
438,0
439,0
440,0
441,0.019875284
442,0.137720375
443,0.270089829
444,0.350998177
445,0.480735921
446,0.612246563
447,0.680762032
448,0.34077042
449,0
450,0
451,0
452,0
453,0
454,0
455,0
456,0
457,0
458,0
459,0
460,0
461,0
462,0
463,0
464,0.056346611
465,0.332060048
466,0.562731462
467,0.528458562
468,0.487511369
469,0.513730464
470,0.571522904
471,0.61055843
472,0.296713736
473,0
474,0
475,0
476,0
477,0
478,0
479,0
480,0
481,0
482,0
483,0
484,0
485,0
486,0
487,0
488,0.029616141
489,0.183185049
490,0.320086543
491,0.275436144
492,0.155654563
493,0.044732051
494,0.086865615
495,0.36779643
496,0.267805676
497,0
498,0
499,0
500,0
501,0
502,0
503,0
504,0
505,0
506,0
507,0
508,0
509,0
510,0
511,0
512,0.068517818
513,0.334996378
514,0.531997061
515,0.487388056
516,0.440566901
517,0.492210748
518,0.578090236
519,0.627759694
520,0.312159231
521,0
522,0
523,0
524,0
525,0
526,0
527,0
528,0
529,0
530,0
531,0
532,0
533,0
534,0
535,0
536,0.05975738
537,0.277689663
538,0.453451509
539,0.484720159
540,0.482637177
541,0.54332869
542,0.623332663
543,0.704728268
544,0.374250377
545,0
546,0
547,0
548,0
549,0
550,0
551,0
552,0
553,0
554,0
555,0
556,0
557,0
558,0
559,0
560,0.06233004
561,0.334917483
562,0.586418998
563,0.562538516
564,0.382169807
565,0.327730244
566,0.477512469
567,0.678745558
568,0.379168378
569,0
570,0
571,0
572,0
573,0
574,0
575,0
576,0
577,0
578,0
579,0
580,0
581,0
582,0
583,0
584,0.014454679
585,0.091409429
586,0.073095998
587,0
588,0.059440994
589,0.076173564
590,0.052583758
591,0.165466752
592,0.125537099
593,0
594,0
595,0
596,0
597,0
598,0
599,0
600,0
601,0
602,0
603,0
604,0
605,0
606,0
607,0
608,0.06276916
609,0.341273062
610,0.595361544
611,0.591123767
612,0.481322118
613,0.391534577
614,0.429636272
615,0.636342683
616,0.377358678
617,0
618,0
619,0
620,0
621,0
622,0
623,0
624,0
625,0
626,0
627,0
628,0
629,0
630,0
631,0
632,0.109614093
633,0.434356457
634,0.58522578
635,0.436243143
636,0.345441228
637,0.414429419
638,0.578044513
639,0.746505041
640,0.40003266
641,0
642,0
643,0
644,0
645,0
646,0
647,0
648,0
649,0
650,0
651,0
652,0
653,0
654,0
655,0
656,0.074925599
657,0.317398635
658,0.500245757
659,0.528620384
660,0.524975822
661,0.529307051
662,0.578812721
663,0.721676396
664,0.401213459
665,0
666,0
667,0
668,0
669,0
670,0
671,0
672,0
673,0
674,0
675,0
676,0
677,0
678,0
679,0
680,0.041241496
681,0.248606833
682,0.525523387
683,0.579926813
684,0.456634352
685,0.375396341
686,0.445176031
687,0.62175264
688,0.347131553
689,0
690,0
691,0
692,0
693,0
694,0
695,0
696,0
697,0
698,0
699,0
700,0
701,0
702,0
703,0
704,0.024773935
705,0.193612278
706,0.432029297
707,0.518607785
708,0.417717989
709,0.41451184
710,0.535563166
711,0.574717778
712,0.281952344
713,0
714,0
715,0
716,0
717,0
718,0
719,0
720,0
721,0
722,0
723,0
724,0
725,0
726,0
727,0
728,0.036771995
729,0.226347664
730,0.473088905
731,0.512723373
732,0.488255181
733,0.518875071
734,0.59332107
735,0.694206159
736,0.354457066
737,0
738,0
739,0
740,0
741,0
742,0
743,0
744,0
745,0
746,0
747,0
748,0
749,0
750,0
751,0
752,0.10388565
753,0.358656131
754,0.494070681
755,0.481447431
756,0.49226015
757,0.552745666
758,0.620899419
759,0.667702861
760,0.335689394
761,0
762,0
763,0
764,0
765,0
766,0
767,0
768,0
769,0
770,0
771,0
772,0
773,0
774,0
775,0
776,0.058355388
777,0.338736972
778,0.590931589
779,0.598331414
780,0.5426518
781,0.544574424
782,0.600043367
783,0.705456213
784,0.381230594
785,0
786,0
787,0
788,0
789,0
790,0
791,0
792,0
793,0
794,0
795,0
796,0
797,0
798,0
799,0
800,0.169555928
801,0.534620476
802,0.683817127
803,0.576186901
804,0.515739427
805,0.487375043
806,0.550592755
807,0.720071428
808,0.385356767
809,0
810,0
811,0
812,0
813,0
814,0
815,0
816,0
817,0
818,0
819,0
820,0
821,0
822,0
823,0
824,0.168290771
825,0.456992703
826,0.507172333
827,0.475375877
828,0.552167052
829,0.540356131
830,0.553407037
831,0.643044468
832,0.323984112
833,0
834,0
835,0
836,0
837,0
838,0
839,0
840,0
841,0
842,0
843,0
844,0
845,0
846,0
847,0
848,0.174953789
849,0.537819354
850,0.618589977
851,0.447977489
852,0.423254783
853,0.550084487
854,0.683408335
855,0.75884017
856,0.380401624
857,0
858,0
859,0
860,0
861,0
862,0
863,0
864,0
865,0
866,0
867,0
868,0
869,0
870,0
871,0
872,0.117743954
873,0.487143986
874,0.682262961
875,0.539293917
876,0.51312147
877,0.610573309
878,0.67284924
879,0.765039462
880,0.401302727
881,0
882,0
883,0
884,0
885,0
886,0
887,0
888,0
889,0
890,0
891,0
892,0
893,0
894,0
895,0
896,0.164427248
897,0.433776761
898,0.510101814
899,0.445672979
900,0.390194588
901,0.448976777
902,0.56385237
903,0.579194344
904,0.268405738
905,0
906,0
907,0
908,0
909,0
910,0
911,0
912,0
913,0
914,0
915,0
916,0
917,0
918,0
919,0
920,0.135415693
921,0.477536469
922,0.616742929
923,0.485203791
924,0.451677968
925,0.580507732
926,0.667568206
927,0.746604849
928,0.401148609
929,0
930,0
931,0
932,0
933,0
934,0
935,0
936,0
937,0
938,0
939,0
940,0
941,0
942,0
943,0
944,0.198509375
945,0.560499578
946,0.675714549
947,0.603316717
948,0.586937913
949,0.638150244
950,0.716044854
951,0.755149149
952,0.367307482
953,0
954,0
955,0
956,0
957,0
958,0
959,0
960,0
961,0
962,0
963,0
964,0
965,0
966,0
967,0
968,0.11944915
969,0.427980191
970,0.613887622
971,0.475078804
972,0.296694605
973,0.350364203
974,0.470573386
975,0.554425336
976,0.298010184
977,0
978,0
979,0
980,0
981,0
982,0
983,0
984,0
985,0
986,0
987,0
988,0
989,0
990,0
991,0
992,0.061976483
993,0.146482846
994,0.21281578
995,0.325668759
996,0.520391359
997,0.698498967
998,0.81114944
999,0.899710492
1000,0.453540903
1001,0
1002,0
1003,0
1004,0
1005,0
1006,0
1007,0
1008,0
1009,0
1010,0
1011,0
1012,0
1013,0
1014,0
1015,0
1016,0.194771074
1017,0.573999846
1018,0.737807402
1019,0.679148104
1020,0.588596958
1021,0.556870443
1022,0.526639202
1023,0.550434462
1024,0.298416472
1025,0
1026,0
1027,0
1028,0
1029,0
1030,0
1031,0
1032,0
1033,0
1034,0
1035,0
1036,0
1037,0
1038,0
1039,0
1040,0.194013722
1041,0.557187368
1042,0.683521663
1043,0.560800856
1044,0.506978158
1045,0.634638582
1046,0.775100498
1047,0.646952257
1048,0.232594337
1049,0
1050,0
1051,0
1052,0
1053,0
1054,0
1055,0
1056,0
1057,0
1058,0
1059,0
1060,0
1061,0
1062,0
1063,0
1064,0.149179332
1065,0.560787996
1066,0.771497803
1067,0.684387603
1068,0.589344229
1069,0.616891215
1070,0.741500341
1071,0.801885157
1072,0.443156973
1073,0.044081313
1074,0
1075,0
1076,0
1077,0
1078,0
1079,0
1080,0
1081,0
1082,0
1083,0
1084,0
1085,0
1086,0
1087,0
1088,0.082052238
1089,0.345921287
1090,0.459087723
1091,0.307442758
1092,0.292768012
1093,0.175296462
1094,0
1095,0.03866024
1096,0.037335034
1097,0
1098,0
1099,0
1100,0
1101,0
1102,0
1103,0
1104,0
1105,0
1106,0
1107,0
1108,0
1109,0
1110,0
1111,0
1112,0
1113,0
1114,0
1115,0
1116,0
1117,0
1118,0
1119,0.025896149
1120,0.025009984
1121,0
1122,0
1123,0
1124,0
1125,0
1126,0
1127,0
1128,0
1129,0
1130,0
1131,0
1132,0
1133,0
1134,0
1135,0
1136,0.120187451
1137,0.467757683
1138,0.672297998
1139,0.574489893
1140,0.237946497
1141,0.050534884
1142,0.157730478
1143,0.290053022
1144,0.227411753
1145,0.045269571
1146,0
1147,0
1148,0
1149,0
1150,0
1151,0
1152,0
1153,0
1154,0
1155,0
1156,0
1157,0
1158,0
1159,0
1160,0.173445354
1161,0.55895469
1162,0.757625693
1163,0.700927134
1164,0.674279693
1165,0.705182911
1166,0.785386841
1167,0.883325007
1168,0.499838292
1169,0.052142117
1170,0
1171,0
1172,0
1173,0
1174,0
1175,0
1176,0
1177,0
1178,0
1179,0
1180,0
1181,0
1182,0
1183,0
1184,0.179180033
1185,0.54054622
1186,0.731808394
1187,0.675255353
1188,0.641212359
1189,0.746933099
1190,0.847667371
1191,0.843822835
1192,0.481678784
1193,0.080401162
1194,0
1195,0
1196,0
1197,0
1198,0
1199,0
1200,0
1201,0
1202,0
1203,0
1204,0
1205,0
1206,0
1207,0
1208,0.184885742
1209,0.556800886
1210,0.663110461
1211,0.60243706
1212,0.637140986
1213,0.708093039
1214,0.773527458
1215,0.814524684
1216,0.456669407
1217,0.046904736
1218,0
1219,0
1220,0
1221,0
1222,0
1223,0
1224,0
1225,0
1226,0
1227,0
1228,0
1229,0
1230,0
1231,0
1232,0.177168834
1233,0.605676397
1234,0.816597081
1235,0.755595714
1236,0.701796503
1237,0.720683308
1238,0.754793329
1239,0.755668053
1240,0.474938835
1241,0.096759418
1242,0
1243,0
1244,0
1245,0
1246,0
1247,0
1248,0
1249,0
1250,0
1251,0
1252,0
1253,0
1254,0
1255,0
1256,0.147239934
1257,0.484349474
1258,0.666982187
1259,0.613559996
1260,0.613007445
1261,0.717547538
1262,0.825046799
1263,0.894728773
1264,0.592928534
1265,0.138167032
1266,0
1267,0
1268,0
1269,0
1270,0
1271,0
1272,0
1273,0
1274,0
1275,0
1276,0
1277,0
1278,0
1279,0
1280,0.034661986
1281,0.033797402
1282,0
1283,0
1284,0.053721787
1285,0.051842283
1286,0.122534269
1287,0.262985644
1288,0.137486668
1289,0
1290,0
1291,0
1292,0
1293,0
1294,0
1295,0
1296,0
1297,0
1298,0
1299,0
1300,0
1301,0
1302,0
1303,0
1304,0.127302132
1305,0.370660708
1306,0.2323975
1307,0.017218779
1308,0.016637641
1309,0
1310,0
1311,0
1312,0
1313,0
1314,0
1315,0
1316,0
1317,0
1318,0
1319,0
1320,0
1321,0
1322,0
1323,0
1324,0
1325,0
1326,0
1327,0
1328,0
1329,0
1330,0
1331,0.075798127
1332,0.262139998
1333,0.445218138
1334,0.544049238
1335,0.569066927
1336,0.324298657
1337,0.041272188
1338,0
1339,0
1340,0
1341,0
1342,0
1343,0
1344,0
1345,0
1346,0
1347,0
1348,0
1349,0
1350,0
1351,0
1352,0.194156357
1353,0.589550361
1354,0.764914114
1355,0.695321585
1356,0.656964018
1357,0.704387973
1358,0.749379814
1359,0.655643528
1360,0.366665231
1361,0.090533685
1362,0
1363,0
1364,0
1365,0
1366,0
1367,0
1368,0
1369,0
1370,0
1371,0
1372,0
1373,0
1374,0
1375,0
1376,0.189452763
1377,0.585847494
1378,0.721938496
1379,0.656993447
1380,0.692765627
1381,0.776176246
1382,0.845591763
1383,0.795765774
1384,0.502335263
1385,0.140187394
1386,0
1387,0
1388,0
1389,0
1390,0
1391,0
1392,0
1393,0
1394,0
1395,0
1396,0
1397,0
1398,0
1399,0
1400,0.174447218
1401,0.562382678
1402,0.702742931
1403,0.484262975
1404,0.160949271
1405,0
1406,0.048592072
1407,0.046907277
1408,0
1409,0
1410,0
1411,0
1412,0
1413,0
1414,0
1415,0
1416,0
1417,0
1418,0
1419,0
1420,0
1421,0
1422,0
1423,0
1424,0.034661986
1425,0.033797402
1426,0
1427,0
1428,0.053721787
1429,0.051842283
1430,0.122534269
1431,0.262985644
1432,0.137486668
1433,0
1434,0
1435,0
1436,0
1437,0
1438,0
1439,0
1440,0
1441,0
1442,0
1443,0
1444,0
1445,0
1446,0
1447,0
1448,0.127302132
1449,0.370660708
1450,0.2323975
1451,0.017218779
1452,0.016637641
1453,0
1454,0
1455,0
1456,0
1457,0
1458,0
1459,0
1460,0
1461,0
1462,0
1463,0
1464,0
1465,0
1466,0
1467,0
1468,0
1469,0
1470,0
1471,0
1472,0
1473,0
1474,0
1475,0.075798127
1476,0.262139998
1477,0.445218138
1478,0.544049238
1479,0.569066927
1480,0.324298657
1481,0.041272188
1482,0
1483,0
1484,0
1485,0
1486,0
1487,0
1488,0
1489,0
1490,0
1491,0
1492,0
1493,0
1494,0
1495,0
1496,0.194156357
1497,0.589550361
1498,0.764914114
1499,0.695321585
1500,0.656964018
1501,0.704387973
1502,0.749379814
1503,0.655643528
1504,0.366665231
1505,0.090533685
1506,0
1507,0
1508,0
1509,0
1510,0
1511,0
1512,0
1513,0
1514,0
1515,0
1516,0
1517,0
1518,0
1519,0
1520,0.189452763
1521,0.585847494
1522,0.721938496
1523,0.656993447
1524,0.692765627
1525,0.776176246
1526,0.845591763
1527,0.795765774
1528,0.502335263
1529,0.140187394
1530,0
1531,0
1532,0
1533,0
1534,0
1535,0
1536,0
1537,0
1538,0
1539,0
1540,0
1541,0
1542,0
1543,0
1544,0.174447218
1545,0.562382678
1546,0.702742931
1547,0.484262975
1548,0.160949271
1549,0
1550,0.048592072
1551,0.046907277
1552,0
1553,0
1554,0
1555,0
1556,0
1557,0
1558,0
1559,0
1560,0
1561,0
1562,0
1563,0
1564,0
1565,0
1566,0
1567,0
1568,0.178014012
1569,0.534052766
1570,0.726205329
1571,0.7576124
1572,0.791378587
1573,0.867160979
1574,0.921283708
1575,0.845025833
1576,0.556401368
1577,0.169698118
1578,0
1579,0
1580,0
1581,0
1582,0
1583,0
1584,0
1585,0
1586,0
1587,0
1588,0
1589,0
1590,0
1591,0
1592,0.152491151
1593,0.528126109
1594,0.688018883
1595,0.671597658
1596,0.730650786
1597,0.716873357
1598,0.772031074
1599,0.898659992
1600,0.638924696
1601,0.171663604
1602,0
1603,0
1604,0
1605,0
1606,0
1607,0
1608,0
1609,0
1610,0
1611,0
1612,0
1613,0
1614,0
1615,0
1616,0
1617,0
1618,0
1619,0
1620,0
1621,0.045124129
1622,0.166342248
1623,0.408026491
1624,0.337575367
1625,0.056082208
1626,0
1627,0
1628,0
1629,0
1630,0
1631,0
1632,0
1633,0
1634,0
1635,0
1636,0
1637,0
1638,0
1639,0
1640,0.197032944
1641,0.588951441
1642,0.595080295
1643,0.385520836
1644,0.429982099
1645,0.426638222
1646,0.305714738
1647,0.227613272
1648,0.144837293
1649,0.048232207
1650,0
1651,0
1652,0
1653,0
1654,0
1655,0
1656,0
1657,0
1658,0
1659,0
1660,0
1661,0
1662,0
1663,0
1664,0.180271817
1665,0.60693674
1666,0.857164588
1667,0.85741366
1668,0.841813313
1669,0.718190951
1670,0.738614614
1671,0.845606206
1672,0.586116079
1673,0.176822211
1674,0
1675,0
1676,0
1677,0
1678,0
1679,0
1680,0
1681,0
1682,0
1683,0
1684,0
1685,0
1686,0
1687,0
1688,0.10734985
1689,0.187937534
1690,0.147863374
1691,0.144511879
1692,0.270337253
1693,0.294953874
1694,0.2436123
1695,0.424467339
1696,0.476722375
1697,0.188708408
1698,0
1699,0
1700,0
1701,0
1702,0
1703,0
1704,0
1705,0
1706,0
1707,0
1708,0
1709,0
1710,0
1711,0
1712,0.145173997
1713,0.242464214
1714,0.092498164
1715,0.106680752
1716,0.321253768
1717,0.206538642
1718,0.050525555
1719,0.207454617
1720,0.266928946
1721,0.110180225
1722,0
1723,0
1724,0
1725,0
1726,0
1727,0
1728,0
1729,0
1730,0
1731,0
1732,0
1733,0
1734,0
1735,0
1736,0.093797075
1737,0.091160778
1738,0
1739,0.034609205
1740,0.111147886
1741,0.210018589
1742,0.130452134
1743,0.079860685
1744,0.098525247
1745,0.02083261
1746,0
1747,0
1748,0
1749,0
1750,0
1751,0
1752,0
1753,0
1754,0
1755,0
1756,0
1757,0
1758,0
1759,0.06089623
1760,0.511138257
1761,0.869345347
1762,0.870448274
1763,0.835761924
1764,0.793927826
1765,0.798804393
1766,0.562362423
1767,0.295153833
1768,0.255649282
1769,0.123972335
1770,0
1771,0
1772,0
1773,0
1774,0
1775,0
1776,0
1777,0
1778,0
1779,0
1780,0
1781,0
1782,0
1783,0.044910445
1784,0.353537809
1785,0.688517655
1786,0.765784442
1787,0.710350394
1788,0.665420507
1789,0.772255949
1790,0.869933323
1791,0.813587892
1792,0.68492519
1793,0.300366297
1794,0
1795,0
1796,0
1797,0
1798,0
1799,0
1800,0
1801,0
1802,0
1803,0
1804,0
1805,0
1806,0
1807,0.029405088
1808,0.293837903
1809,0.657305137
1810,0.817422367
1811,0.831051707
1812,0.844177108
1813,0.894092134
1814,0.845735996
1815,0.422894245
1816,0.107048676
1817,0.064275506
1818,0
1819,0
1820,0
1821,0
1822,0
1823,0
1824,0
1825,0
1826,0
1827,0
1828,0
1829,0
1830,0
1831,0.088325872
1832,0.511797621
1833,0.834212385
1834,0.812050157
1835,0.84510046
1836,0.875595576
1837,0.738206548
1838,0.656798776
1839,0.70846849
1840,0.661066122
1841,0.288859126
1842,0
1843,0
1844,0
1845,0
1846,0
1847,0
1848,0
1849,0
1850,0
1851,0
1852,0
1853,0
1854,0
1855,0
1856,0.035346982
1857,0.156384105
1858,0.178538645
1859,0.299053596
1860,0.695815015
1861,0.858064009
1862,0.760135937
1863,0.562851222
1864,0.369995326
1865,0.156022011
1866,0
1867,0
1868,0
1869,0
1870,0
1871,0
1872,0
1873,0
1874,0
1875,0
1876,0
1877,0
1878,0
1879,0
1880,0
1881,0
1882,0.017038932
1883,0.016506497
1884,0.174375344
1885,0.567115557
1886,0.818431793
1887,0.650847354
1888,0.330515849
1889,0.104825895
1890,0
1891,0
1892,0
1893,0
1894,0
1895,0
1896,0
1897,0
1898,0
1899,0
1900,0
1901,0
1902,0
1903,0.038813206
1904,0.125275146
1905,0.083451188
1906,0.079566485
1907,0.250018327
1908,0.320041981
1909,0.147367268
1910,0
1911,0.066432185
1912,0.13072927
1913,0.062329899
1914,0
1915,0
1916,0
1917,0
1918,0
1919,0
1920,0
1921,0
1922,0
1923,0
1924,0
1925,0
1926,0
1927,0
1928,0.116779595
1929,0.358076443
1930,0.421987265
1931,0.409578247
1932,0.280084953
1933,0.120031312
1934,0.205041365
1935,0.277489899
1936,0.157243008
1937,0.029648783
1938,0
1939,0
1940,0
1941,0
1942,0
1943,0
1944,0
1945,0
1946,0
1947,0
1948,0
1949,0
1950,0
1951,0
1952,0
1953,0.158650234
1954,0.46803134
1955,0.649345487
1956,0.710845796
1957,0.75123786
1958,0.772646806
1959,0.751296715
1960,0.442569343
1961,0.084565955
1962,0
1963,0
1964,0
1965,0
1966,0
1967,0
1968,0
1969,0
1970,0
1971,0
1972,0
1973,0
1974,0
1975,0.120330304
1976,0.445152596
1977,0.568798629
1978,0.47573897
1979,0.293051778
1980,0.295695308
1981,0.403845354
1982,0.174663747
1983,0.17330322
1984,0.581603686
1985,0.393919157
1986,0
1987,0
1988,0
1989,0
1990,0
1991,0
1992,0
1993,0
1994,0
1995,0
1996,0
1997,0
1998,0
1999,0.154726874
2000,0.557084153
2001,0.783532735
2002,0.753107365
2003,0.767853986
2004,0.796196731
2005,0.801427512
2006,0.829446632
2007,0.800856504
2008,0.758207444
2009,0.370699839
2010,0
2011,0
2012,0
2013,0
2014,0
2015,0
2016,0
2017,0
2018,0
2019,0
2020,0
2021,0
2022,0
2023,0.190187072
2024,0.565989488
2025,0.740904991
2026,0.789101003
2027,0.812429541
2028,0.792749878
2029,0.782233651
2030,0.74276483
2031,0.75334868
2032,0.785843801
2033,0.383154391
2034,0
2035,0
2036,0
2037,0
2038,0
2039,0
2040,0
2041,0
2042,0
2043,0
2044,0
2045,0
2046,0
2047,0
2048,0.050839574
2049,0.258788286
2050,0.544092278
2051,0.657037885
2052,0.746490893
2053,0.841345242
2054,0.818712367
2055,0.730677091
2056,0.570101826
2057,0.236254944
2058,0
2059,0
2060,0
2061,0
2062,0
2063,0
2064,0
2065,0
2066,0
2067,0
2068,0
2069,0
2070,0
2071,0
2072,0.065959222
2073,0.065144757
2074,0.027613344
2075,0.026670955
2076,0
2077,0.064760826
2078,0.078605856
2079,0.015470918
2080,0.034446296
2081,0.033283769
2082,0
2083,0
2084,0
2085,0
2086,0
2087,0
2088,0
2089,0
2090,0
2091,0
2092,0
2093,0
2094,0
2095,0.175725569
2096,0.562447288
2097,0.801462727
2098,0.838610174
2099,0.842064449
2100,0.843272852
2101,0.810262491
2102,0.754273379
2103,0.570760333
2104,0.453711559
2105,0.23770898
2106,0
2107,0
2108,0
2109,0
2110,0
2111,0
2112,0
2113,0
2114,0
2115,0
2116,0
2117,0
2118,0
2119,0.051624549
2120,0.093635651
2121,0.040023129
2122,0.074890106
2123,0.355945015
2124,0.642475753
2125,0.550049953
2126,0.183151849
2127,0.028292875
2128,0.151781065
2129,0.118081017
2130,0
2131,0
2132,0
2133,0
2134,0
2135,0
2136,0
2137,0
2138,0
2139,0
2140,0
2141,0
2142,0
2143,0
2144,0
2145,0
2146,0
2147,0
2148,0
2149,0
2150,0
2151,0
2152,0.040780248
2153,0.039369304
2154,0
2155,0
2156,0
2157,0
2158,0
2159,0
2160,0
2161,0
2162,0
2163,0
2164,0
2165,0
2166,0
2167,0.054158104
2168,0.243792231
2169,0.519425845
2170,0.710521524
2171,0.816382668
2172,0.716990432
2173,0.599468827
2174,0.704376918
2175,0.783459585
2176,0.805170465
2177,0.399255327
2178,0
2179,0
2180,0
2181,0
2182,0
2183,0
2184,0
2185,0
2186,0
2187,0
2188,0
2189,0
2190,0
2191,0
2192,0
2193,0.040924934
2194,0.352510182
2195,0.750801267
2196,0.854492321
2197,0.884939571
2198,0.795360295
2199,0.714062204
2200,0.545502089
2201,0.16002944
2202,0
2203,0
2204,0
2205,0
2206,0
2207,0
2208,0
2209,0
2210,0
2211,0
2212,0
2213,0
2214,0
2215,0
2216,0
2217,0
2218,0
2219,0
2220,0
2221,0
2222,0
2223,0
2224,0.049007212
2225,0.047325818
2226,0
2227,0
2228,0
2229,0
2230,0
2231,0
2232,0
2233,0
2234,0
2235,0
2236,0
2237,0
2238,0
2239,0.120226466
2240,0.277782552
2241,0.352902257
2242,0.294428071
2243,0.276665519
2244,0.475152478
2245,0.687110774
2246,0.747082188
2247,0.737380363
2248,0.762064388
2249,0.375661859
2250,0
2251,0
2252,0
2253,0
2254,0
2255,0
2256,0
2257,0
2258,0
2259,0
2260,0
2261,0
2262,0
2263,0.170273021
2264,0.556184544
2265,0.679236443
2266,0.705625798
2267,0.778838749
2268,0.745208098
2269,0.742418295
2270,0.765065541
2271,0.713215182
2272,0.66887471
2273,0.337814129
2274,0
2275,0
2276,0
2277,0
2278,0
2279,0
2280,0
2281,0
2282,0
2283,0
2284,0
2285,0
2286,0
2287,0.181025241
2288,0.577123033
2289,0.80814956
2290,0.78664721
2291,0.777842847
2292,0.827501408
2293,0.707474754
2294,0.279956061
2295,0
2296,0.02826283
2297,0.027299145
2298,0
2299,0
2300,0
2301,0
2302,0
2303,0
2304,0
2305,0
2306,0
2307,0
2308,0
2309,0
2310,0
2311,0.105930722
2312,0.350726863
2313,0.592824131
2314,0.786640638
2315,0.805124384
2316,0.76563365
2317,0.800385384
2318,0.806529346
2319,0.544353025
2320,0.355400562
2321,0.201300095
2322,0
2323,0
2324,0
2325,0
2326,0
2327,0
2328,0
2329,0
2330,0
2331,0
2332,0
2333,0
2334,0
2335,0
2336,0.054403477
2337,0.232506376
2338,0.171703841
2339,0
2340,0
2341,0.031579425
2342,0.104758123
2343,0.233685458
2344,0.429624277
2345,0.259648902
2346,0
2347,0
2348,0
2349,0
2350,0
2351,0
2352,0
2353,0
2354,0
2355,0
2356,0
2357,0
2358,0
2359,0.179612177
2360,0.534493338
2361,0.699862026
2362,0.739090644
2363,0.770750087
2364,0.770887307
2365,0.773173883
2366,0.77088386
2367,0.780787762
2368,0.81450701
2369,0.409850488
2370,0
2371,0
2372,0
2373,0
2374,0
2375,0
2376,0
2377,0
2378,0
2379,0
2380,0
2381,0
2382,0
2383,0.178966616
2384,0.577970685
2385,0.746443732
2386,0.761618032
2387,0.805398308
2388,0.751221367
2389,0.734513125
2390,0.750611115
2391,0.774646468
2392,0.795770628
2393,0.383134337
2394,0
2395,0
2396,0
2397,0
2398,0
2399,0
2400,0
2401,0
2402,0
2403,0
2404,0
2405,0
2406,0
2407,0.152057453
2408,0.535735635
2409,0.726775906
2410,0.772763739
2411,0.800445663
2412,0.759171684
2413,0.742093905
2414,0.705727051
2415,0.722618696
2416,0.793615539
2417,0.404754894
2418,0
2419,0
2420,0
2421,0
2422,0
2423,0
2424,0
2425,0
2426,0
2427,0
2428,0
2429,0
2430,0
2431,0.166442802
2432,0.564962523
2433,0.77965543
2434,0.758221288
2435,0.758808514
2436,0.771272392
2437,0.768146496
2438,0.796553971
2439,0.831685523
2440,0.736320834
2441,0.310148687
2442,0
2443,0
2444,0
2445,0
2446,0
2447,0
2448,0
2449,0
2450,0
2451,0
2452,0
2453,0
2454,0
2455,0.169434546
2456,0.534827967
2457,0.772555012
2458,0.657695384
2459,0.527294293
2460,0.425002356
2461,0.146083911
2462,0
2463,0.027223333
2464,0.184408423
2465,0.150640861
2466,0
2467,0
2468,0
2469,0
2470,0
2471,0
2472,0
2473,0
2474,0
2475,0
2476,0
2477,0
2478,0
2479,0.056154451
2480,0.34430234
2481,0.672169864
2482,0.765941794
2483,0.815843731
2484,0.729122164
2485,0.502294062
2486,0.199660171
2487,0
2488,0
2489,0
2490,0
2491,0
2492,0
2493,0
2494,0
2495,0
2496,0
2497,0
2498,0
2499,0
2500,0
2501,0
2502,0
2503,0.153668021
2504,0.485756092
2505,0.668389722
2506,0.717242296
2507,0.783957291
2508,0.774997762
2509,0.745742173
2510,0.771383326
2511,0.791671711
2512,0.792244545
2513,0.384335054
2514,0
2515,0
2516,0
2517,0
2518,0
2519,0
2520,0
2521,0
2522,0
2523,0
2524,0
2525,0
2526,0
2527,0.16279641
2528,0.510918179
2529,0.711399896
2530,0.734597261
2531,0.72407672
2532,0.758738954
2533,0.718551444
2534,0.54148152
2535,0.360746042
2536,0.285377972
2537,0.142870288
2538,0
2539,0
2540,0
2541,0
2542,0
2543,0
2544,0
2545,0
2546,0
2547,0
2548,0
2549,0
2550,0
2551,0
2552,0
2553,0.017320953
2554,0.016741255
2555,0
2556,0.01447986
2557,0.013968742
2558,0
2559,0
2560,0
2561,0
2562,0
2563,0
2564,0
2565,0
2566,0
2567,0
2568,0
2569,0
2570,0
2571,0
2572,0
2573,0
2574,0
2575,0.054394151
2576,0.189530573
2577,0.3849984
2578,0.58579238
2579,0.636737235
2580,0.641922159
2581,0.754567614
2582,0.827166239
2583,0.823484926
2584,0.819951406
2585,0.398460325
2586,0
2587,0
2588,0
2589,0
2590,0
2591,0
2592,0
2593,0
2594,0
2595,0
2596,0
2597,0
2598,0
2599,0.148641502
2600,0.486114602
2601,0.636737972
2602,0.642963221
2603,0.707945691
2604,0.663742858
2605,0.612658392
2606,0.605648469
2607,0.553663186
2608,0.57611903
2609,0.301093247
2610,0
2611,0
2612,0
2613,0
2614,0
2615,0
2616,0
2617,0
2618,0
2619,0
2620,0
2621,0
2622,0
2623,0.137202843
2624,0.537909323
2625,0.790940148
2626,0.748096379
2627,0.735361901
2628,0.664921495
2629,0.649423262
2630,0.763776774
2631,0.814710482
2632,0.847258058
2633,0.420286367
2634,0
2635,0
2636,0
2637,0
2638,0
2639,0
2640,0
2641,0
2642,0
2643,0
2644,0
2645,0
2646,0
2647,0.17980484
2648,0.573556331
2649,0.799749751
2650,0.785783884
2651,0.765152936
2652,0.776343104
2653,0.705689942
2654,0.692558272
2655,0.806768513
2656,0.847912273
2657,0.403110737
2658,0
2659,0
2660,0
2661,0
2662,0
2663,0
2664,0
2665,0
2666,0
2667,0
2668,0
2669,0
2670,0
2671,0.171486189
2672,0.583679572
2673,0.772964022
2674,0.749674746
2675,0.693302159
2676,0.649537577
2677,0.652830042
2678,0.578790166
2679,0.530616606
2680,0.56998862
2681,0.294953418
2682,0
2683,0
2684,0
2685,0
2686,0
2687,0
2688,0
2689,0
2690,0
2691,0
2692,0
2693,0
2694,0
2695,0.150241051
2696,0.488931934
2697,0.694120963
2698,0.756531803
2699,0.75307572
2700,0.719225429
2701,0.746787943
2702,0.744808154
2703,0.751596134
2704,0.747619925
2705,0.346953877
2706,0
2707,0
2708,0
2709,0
2710,0
2711,0
2712,0
2713,0
2714,0
2715,0
2716,0
2717,0
2718,0
2719,0
2720,0
2721,0
2722,0.16554649
2723,0.559056259
2724,0.739461423
2725,0.545891621
2726,0.49088541
2727,0.672174805
2728,0.790915358
2729,0.401260578
2730,0
2731,0
2732,0
2733,0
2734,0
2735,0
2736,0
2737,0
2738,0
2739,0
2740,0
2741,0
2742,0
2743,0.154479928
2744,0.507653072
2745,0.69310249
2746,0.681926257
2747,0.678011264
2748,0.69495371
2749,0.718266142
2750,0.72457996
2751,0.760829422
2752,0.808632462
2753,0.396703862
2754,0
2755,0
2756,0
2757,0
2758,0
2759,0
2760,0
2761,0
2762,0
2763,0
2764,0
2765,0
2766,0
2767,0.13487388
2768,0.510732124
2769,0.751598572
2770,0.812937024
2771,0.804681799
2772,0.77380811
2773,0.767995244
2774,0.77326502
2775,0.697135226
2776,0.583211954
2777,0.2785447
2778,0
2779,0
2780,0
2781,0
2782,0
2783,0
2784,0
2785,0
2786,0
2787,0
2788,0
2789,0
2790,0
2791,0.164108433
2792,0.526494399
2793,0.746300437
2794,0.728334627
2795,0.73303707
2796,0.638327249
2797,0.599160924
2798,0.759102708
2799,0.770201022
2800,0.76254193
2801,0.389545633
2802,0
2803,0
2804,0
2805,0
2806,0
2807,0
2808,0
2809,0
2810,0
2811,0
2812,0
2813,0
2814,0
2815,0.154219796
2816,0.510177011
2817,0.700431929
2818,0.674756862
2819,0.722353787
2820,0.792044217
2821,0.755282829
2822,0.727287627
2823,0.758277749
2824,0.792287758
2825,0.389630407
2826,0
2827,0
2828,0
2829,0
2830,0
2831,0
2832,0
2833,0
2834,0
2835,0
2836,0
2837,0
2838,0.020814283
2839,0.230811284
2840,0.536753381
2841,0.36451594
2842,0.136897565
2843,0.159801865
2844,0.082779926
2845,0.052825973
2846,0.248441202
2847,0.589606187
2848,0.763292707
2849,0.373790006
2850,0
2851,0
2852,0
2853,0
2854,0
2855,0
2856,0
2857,0
2858,0
2859,0
2860,0
2861,0
2862,0
2863,0
2864,0.102373927
2865,0.34805111
2866,0.237582298
2867,0.116583742
2868,0.112627238
2869,0.024456163
2870,0.023650131
2871,0
2872,0
2873,0
2874,0
2875,0
2876,0
2877,0
2878,0
2879,0
2880,0
2881,0
2882,0
2883,0
2884,0
2885,0
2886,0.066310719
2887,0.431140361
2888,0.700040309
2889,0.680736703
2890,0.670386858
2891,0.646478189
2892,0.652762215
2893,0.705200052
2894,0.716939724
2895,0.729648779
2896,0.778774996
2897,0.389626638
2898,0
2899,0
2900,0
2901,0
2902,0
2903,0
2904,0
2905,0
2906,0
2907,0
2908,0
2909,0
2910,0.052124502
2911,0.371040213
2912,0.704782273
2913,0.752177359
2914,0.680894698
2915,0.723862761
2916,0.734653421
2917,0.696146494
2918,0.745064868
2919,0.751578396
2920,0.777530929
2921,0.395510924
2922,0
2923,0
2924,0
2925,0
2926,0
2927,0
2928,0
2929,0
2930,0
2931,0
2932,0
2933,0
2934,0.028832464
2935,0.256219916
2936,0.576596443
2937,0.69026939
2938,0.688752787
2939,0.701100818
2940,0.69588961
2941,0.649049621
2942,0.651050227
2943,0.662505087
2944,0.674089864
2945,0.343149151
2946,0
2947,0
2948,0
2949,0
2950,0
2951,0
2952,0
2953,0
2954,0
2955,0
2956,0
2957,0
2958,0.02724304
2959,0.238907716
2960,0.541456992
2961,0.65016786
2962,0.671770443
2963,0.654566201
2964,0.660558823
2965,0.709646728
2966,0.694983672
2967,0.660482062
2968,0.701078291
2969,0.369072216
2970,0
2971,0
2972,0
2973,0
2974,0
2975,0
2976,0
2977,0
2978,0
2979,0
2980,0
2981,0
2982,0.031809671
2983,0.256538531
2984,0.630089184
2985,0.740998292
2986,0.702892397
2987,0.722895647
2988,0.691704842
2989,0.6849294
2990,0.685775191
2991,0.68534625
2992,0.721628288
2993,0.360422836
2994,0
2995,0
2996,0
2997,0
2998,0
2999,0
3000,0
3001,0
3002,0
3003,0
3004,0
3005,0
3006,0.067236387
3007,0.366577645
3008,0.750155449
3009,0.771688153
3010,0.717645395
3011,0.73359465
3012,0.680510721
3013,0.684958738
3014,0.522999429
3015,0.433993952
3016,0.571328775
3017,0.309890005
3018,0
3019,0
3020,0
3021,0
3022,0
3023,0
3024,0
3025,0
3026,0
3027,0
3028,0
3029,0
3030,0.059396038
3031,0.332486358
3032,0.554925359
3033,0.656762381
3034,0.747346047
3035,0.756912119
3036,0.756161392
3037,0.731752269
3038,0.729963014
3039,0.798867117
3040,0.795543756
3041,0.36273728
3042,0
3043,0
3044,0
3045,0
3046,0
3047,0
3048,0
3049,0
3050,0
3051,0
3052,0
3053,0
3054,0.060784586
3055,0.271532966
3056,0.457322184
3057,0.615795953
3058,0.69861072
3059,0.681370092
3060,0.687818663
3061,0.680988013
3062,0.687903055
3063,0.705338164
3064,0.735659575
3065,0.368632188
3066,0
3067,0
3068,0
3069,0
3070,0
3071,0
3072,0
3073,0
3074,0
3075,0
3076,0
3077,0
3078,0.061056013
3079,0.329980802
3080,0.572586342
3081,0.638378715
3082,0.676742123
3083,0.731838682
3084,0.628364012
3085,0.469009204
3086,0.499051035
3087,0.660586858
3088,0.744500401
3089,0.351833134
3090,0
3091,0
3092,0
3093,0
3094,0
3095,0
3096,0
3097,0
3098,0
3099,0
3100,0
3101,0
3102,0.097235518
3103,0.355162596
3104,0.553173455
3105,0.64770618
3106,0.753700705
3107,0.712080394
3108,0.695594038
3109,0.692905321
3110,0.643344407
3111,0.669611197
3112,0.762880832
3113,0.489586639
3114,0.067700275
3115,0
3116,0
3117,0
3118,0
3119,0
3120,0
3121,0
3122,0
3123,0
3124,0
3125,0
3126,0.075593762
3127,0.386120097
3128,0.638981057
3129,0.693929446
3130,0.673070944
3131,0.667799406
3132,0.704021711
3133,0.687140565
3134,0.673199137
3135,0.67278101
3136,0.723517706
3137,0.41224532
3138,0.033999884
3139,0
3140,0
3141,0
3142,0
3143,0
3144,0
3145,0
3146,0
3147,0
3148,0
3149,0
3150,0.076994069
3151,0.375526817
3152,0.634116495
3153,0.677293413
3154,0.699076298
3155,0.688497266
3156,0.674544002
3157,0.673338139
3158,0.65927357
3159,0.65933554
3160,0.742465586
3161,0.40130526
3162,0
3163,0
3164,0
3165,0
3166,0
3167,0
3168,0
3169,0
3170,0
3171,0
3172,0
3173,0
3174,0.107812018
3175,0.408712557
3176,0.671231778
3177,0.751097928
3178,0.712818472
3179,0.652582822
3180,0.701637082
3181,0.71396708
3182,0.690969009
3183,0.716183327
3184,0.743031751
3185,0.3739801
3186,0
3187,0
3188,0
3189,0
3190,0
3191,0
3192,0
3193,0
3194,0
3195,0
3196,0
3197,0
3198,0.066131589
3199,0.370122269
3200,0.686425895
3201,0.75672578
3202,0.731645118
3203,0.697239341
3204,0.613963903
3205,0.584109772
3206,0.673809312
3207,0.811128149
3208,0.619802967
3209,0.214388361
3210,0.034910593
3211,0
3212,0
3213,0
3214,0
3215,0
3216,0
3217,0
3218,0
3219,0
3220,0
3221,0
3222,0.098139282
3223,0.376207334
3224,0.667907977
3225,0.759360172
3226,0.704361526
3227,0.664590498
3228,0.676469975
3229,0.68457974
3230,0.603661275
3231,0.391988801
3232,0.246594341
3233,0.116321478
3234,0
3235,0
3236,0
3237,0
3238,0
3239,0
3240,0
3241,0
3242,0
3243,0
3244,0
3245,0
3246,0.132644499
3247,0.4931167
3248,0.680764566
3249,0.626863457
3250,0.666273948
3251,0.713722257
3252,0.717987029
3253,0.667017438
3254,0.657011083
3255,0.698942321
3256,0.716467189
3257,0.451305572
3258,0.082027819
3259,0
3260,0
3261,0
3262,0
3263,0
3264,0
3265,0
3266,0
3267,0
3268,0
3269,0
3270,0.175872805
3271,0.540951218
3272,0.687126088
3273,0.670127508
3274,0.660710643
3275,0.638325233
3276,0.645374212
3277,0.708953101
3278,0.704500786
3279,0.689792839
3280,0.766734224
3281,0.529705511
3282,0.129804054
3283,0
3284,0
3285,0
3286,0
3287,0
3288,0
3289,0
3290,0
3291,0
3292,0
3293,0
3294,0
3295,0.101305218
3296,0.461315923
3297,0.625419986
3298,0.597979738
3299,0.475531773
3300,0.151984162
3301,0
3302,0.033012793
3303,0.098997806
3304,0.062573128
3305,0
3306,0
3307,0
3308,0
3309,0
3310,0
3311,0
3312,0
3313,0
3314,0
3315,0
3316,0
3317,0
3318,0.02783386
3319,0.04132854
3320,0.03300828
3321,0.071044507
3322,0.111764656
3323,0.298316443
3324,0.562527201
3325,0.735178769
3326,0.643957849
3327,0.486057147
3328,0.315184787
3329,0.069050817
3330,0
3331,0
3332,0
3333,0
3334,0
3335,0
3336,0
3337,0
3338,0
3339,0
3340,0
3341,0
3342,0
3343,0.165181253
3344,0.524979475
3345,0.652008004
3346,0.615013497
3347,0.680540608
3348,0.763394428
3349,0.642787243
3350,0.418709022
3351,0.414939751
3352,0.423736785
3353,0.21656431
3354,0.033054955
3355,0
3356,0
3357,0
3358,0
3359,0
3360,0
3361,0
3362,0
3363,0
3364,0
3365,0
3366,0.17817387
3367,0.510849794
3368,0.677310893
3369,0.705796191
3370,0.590630028
3371,0.22933015
3372,0.078783997
3373,0.181665536
3374,0.246554573
3375,0.435030946
3376,0.651330901
3377,0.45237748
3378,0.093739302
3379,0
3380,0
3381,0
3382,0
3383,0
3384,0
3385,0
3386,0
3387,0
3388,0
3389,0
3390,0.135312493
3391,0.446414484
3392,0.696401021
3393,0.735982834
3394,0.661813407
3395,0.628712289
3396,0.675636961
3397,0.703991987
3398,0.694273446
3399,0.709415021
3400,0.661252372
3401,0.401021904
3402,0.09916888
3403,0
3404,0
3405,0
3406,0
3407,0
3408,0
3409,0
3410,0
3411,0
3412,0
3413,0
3414,0.173092893
3415,0.489071346
3416,0.699959152
3417,0.700105146
3418,0.658801361
3419,0.663824555
3420,0.687358411
3421,0.655137717
3422,0.657674387
3423,0.585229806
3424,0.572671005
3425,0.505293162
3426,0.154695035
3427,0
3428,0
3429,0
3430,0
3431,0
3432,0
3433,0
3434,0
3435,0
3436,0
3437,0
3438,0.170302135
3439,0.552125281
3440,0.623150632
3441,0.507287299
3442,0.416337804
3443,0.154684872
3444,0.063541127
3445,0.41894122
3446,0.509003591
3447,0.278713713
3448,0.230002261
3449,0.168717793
3450,0.055552614
3451,0
3452,0
3453,0
3454,0
3455,0
3456,0
3457,0
3458,0
3459,0
3460,0
3461,0
3462,0
3463,0.137683115
3464,0.403936352
3465,0.490427138
3466,0.221160335
3467,0.043435427
3468,0.191320276
3469,0.52912086
3470,0.564710693
3471,0.183999244
3472,0.052363684
3473,0.096182384
3474,0.042004452
3475,0
3476,0
3477,0
3478,0
3479,0
3480,0
3481,0
3482,0
3483,0
3484,0
3485,0
3486,0.170832728
3487,0.397690102
3488,0.528983812
3489,0.679764885
3490,0.691654994
3491,0.648584347
3492,0.70575271
3493,0.727633236
3494,0.696947718
3495,0.688513489
3496,0.733546706
3497,0.559019851
3498,0.169925271
3499,0
3500,0
3501,0
3502,0
3503,0
3504,0
3505,0
3506,0
3507,0
3508,0
3509,0
3510,0.185373474
3511,0.482844868
3512,0.643053953
3513,0.645670938
3514,0.623852049
3515,0.682211215
3516,0.69016144
3517,0.684955292
3518,0.704994801
3519,0.679888467
3520,0.725702787
3521,0.597407741
3522,0.197032783
3523,0
3524,0
3525,0
3526,0
3527,0
3528,0
3529,0
3530,0
3531,0
3532,0
3533,0
3534,0.159770238
3535,0.518491978
3536,0.716588374
3537,0.708239951
3538,0.666772804
3539,0.655775184
3540,0.69833411
3541,0.73438339
3542,0.698495993
3543,0.704506744
3544,0.765786351
3545,0.550035787
3546,0.158333017
3547,0
3548,0
3549,0
3550,0
3551,0
3552,0
3553,0
3554,0
3555,0
3556,0
3557,0
3558,0.165406141
3559,0.551222081
3560,0.728520345
3561,0.697715904
3562,0.689957542
3563,0.672755439
3564,0.675624182
3565,0.665883422
3566,0.610446352
3567,0.649323096
3568,0.416126795
3569,0.060356717
3570,0
3571,0
3572,0
3573,0
3574,0
3575,0
3576,0
3577,0
3578,0
3579,0
3580,0
3581,0
3582,0.060947125
3583,0.136941211
3584,0.230068916
3585,0.382090932
3586,0.425222658
3587,0.505414061
3588,0.531657503
3589,0.538436054
3590,0.736506399
3591,0.857982788
3592,0.807403965
3593,0.538933133
3594,0.15981383
3595,0
3596,0
3597,0
3598,0
3599,0
3600,0
3601,0
3602,0
3603,0
3604,0
3605,0
3606,0.20191131
3607,0.567254702
3608,0.743798366
3609,0.739517883
3610,0.69576659
3611,0.713945681
3612,0.679748661
3613,0.674010738
3614,0.705454418
3615,0.704559788
3616,0.571829142
3617,0.333004534
3618,0.121222401
3619,0
3620,0
3621,0
3622,0
3623,0
3624,0
3625,0
3626,0
3627,0
3628,0
3629,0
3630,0.186558048
3631,0.550095267
3632,0.749607219
3633,0.752386091
3634,0.717313539
3635,0.691525601
3636,0.707849686
3637,0.703799984
3638,0.66593632
3639,0.667211829
3640,0.697673581
3641,0.570339847
3642,0.205543257
3643,0
3644,0
3645,0
3646,0
3647,0
3648,0
3649,0
3650,0
3651,0
3652,0
3653,0
3654,0.178745617
3655,0.558855298
3656,0.714863624
3657,0.696505882
3658,0.678980921
3659,0.682212552
3660,0.708188162
3661,0.69232693
3662,0.704220045
3663,0.642757536
3664,0.662901516
3665,0.587631524
3666,0.205973187
3667,0
3668,0
3669,0
3670,0
3671,0
3672,0
3673,0
3674,0
3675,0
3676,0
3677,0
3678,0.149204611
3679,0.549342663
3680,0.749989364
3681,0.709904032
3682,0.723209306
3683,0.737220769
3684,0.683429422
3685,0.678005755
3686,0.70143373
3687,0.657354821
3688,0.625669292
3689,0.519798025
3690,0.206641453
3691,0
3692,0
3693,0
3694,0
3695,0
3696,0
3697,0
3698,0
3699,0
3700,0
3701,0
3702,0.171938374
3703,0.474682271
3704,0.666453261
3705,0.698402912
3706,0.65976865
3707,0.625957349
3708,0.645754159
3709,0.681341298
3710,0.696737226
3711,0.755253864
3712,0.781862047
3713,0.643485109
3714,0.251352204
3715,0
3716,0
3717,0
3718,0
3719,0
3720,0
3721,0
3722,0
3723,0
3724,0
3725,0
3726,0.156807781
3727,0.503074581
3728,0.678031937
3729,0.673760654
3730,0.676228125
3731,0.673744851
3732,0.686897208
3733,0.707093361
3734,0.684978672
3735,0.745030213
3736,0.779561623
3737,0.511201262
3738,0.145213333
3739,0
3740,0
3741,0
3742,0
3743,0
3744,0
3745,0
3746,0
3747,0
3748,0
3749,0
3750,0.153329168
3751,0.557083525
3752,0.745977535
3753,0.688276534
3754,0.672587481
3755,0.66583339
3756,0.677251034
3757,0.642106371
3758,0.621743581
3759,0.656217121
3760,0.689228984
3761,0.559578688
3762,0.200687872
3763,0
3764,0
3765,0
3766,0
3767,0
3768,0
3769,0
3770,0
3771,0
3772,0
3773,0
3774,0.152198707
3775,0.479552416
3776,0.687732793
3777,0.6629444
3778,0.660800485
3779,0.688282149
3780,0.673829419
3781,0.676078511
3782,0.676789974
3783,0.698069182
3784,0.710621956
3785,0.544083589
3786,0.183842181
3787,0
3788,0
3789,0
3790,0
3791,0
3792,0
3793,0
3794,0
3795,0
3796,0
3797,0
3798,0.146210849
3799,0.520073491
3800,0.697251176
3801,0.660731893
3802,0.665810758
3803,0.731240414
3804,0.756737272
3805,0.705255219
3806,0.69433617
3807,0.725494321
3808,0.739406858
3809,0.574557236
3810,0.206394822
3811,0
3812,0
3813,0
3814,0
3815,0
3816,0
3817,0
3818,0
3819,0
3820,0
3821,0
3822,0
3823,0.14878567
3824,0.397122526
3825,0.560117805
3826,0.678524165
3827,0.733950137
3828,0.683196138
3829,0.560764286
3830,0.425411688
3831,0.171258989
3832,0
3833,0.028014339
3834,0.027271628
3835,0
3836,0
3837,0
3838,0
3839,0
3840,0
3841,0
3842,0
3843,0
3844,0
3845,0
3846,0
3847,0.038983082
3848,0.163772607
3849,0.119507962
3850,0
3851,0
3852,0
3853,0.100349285
3854,0.165132763
3855,0.174418115
3856,0.231445086
3857,0.120077596
3858,0
3859,0
3860,0
3861,0
3862,0
3863,0
3864,0
3865,0
3866,0
3867,0
3868,0
3869,0
3870,0.167958989
3871,0.526807384
3872,0.735940412
3873,0.499422666
3874,0.122179335
3875,0.13099784
3876,0.501557056
3877,0.609729272
3878,0.480603311
3879,0.528827294
3880,0.6617977
3881,0.557856503
3882,0.189116269
3883,0
3884,0
3885,0
3886,0
3887,0
3888,0
3889,0
3890,0
3891,0
3892,0
3893,0
3894,0
3895,0.134810103
3896,0.50916922
3897,0.71969757
3898,0.695466354
3899,0.689469421
3900,0.6895744
3901,0.679482016
3902,0.702110896
3903,0.704190873
3904,0.699228107
3905,0.639270783
3906,0.271887361
3907,0
3908,0
3909,0
3910,0
3911,0
3912,0
3913,0
3914,0
3915,0
3916,0
3917,0
3918,0.15765587
3919,0.578189804
3920,0.801261651
3921,0.718138449
3922,0.668504309
3923,0.679083072
3924,0.679311178
3925,0.699245414
3926,0.709211781
3927,0.667499385
3928,0.716259851
3929,0.663559411
3930,0.263480681
3931,0
3932,0
3933,0
3934,0
3935,0
3936,0
3937,0
3938,0
3939,0
3940,0
3941,0
3942,0.146776807
3943,0.469822313
3944,0.72709993
3945,0.761824283
3946,0.718550662
3947,0.689396919
3948,0.708745228
3949,0.734640635
3950,0.737950678
3951,0.721574581
3952,0.742546623
3953,0.689964949
3954,0.281608088
3955,0
3956,0
3957,0
3958,0
3959,0
3960,0
3961,0
3962,0
3963,0
3964,0
3965,0
3966,0.152654175
3967,0.492961822
3968,0.667058028
3969,0.706641478
3970,0.697646188
3971,0.68561343
3972,0.733425848
3973,0.716467628
3974,0.715382867
3975,0.738728457
3976,0.7091465
3977,0.637111182
3978,0.288662577
3979,0
3980,0
3981,0
3982,0
3983,0
3984,0
3985,0
3986,0
3987,0
3988,0
3989,0
3990,0
3991,0.010944006
3992,0.19266541
3993,0.412136186
3994,0.51784308
3995,0.655003365
3996,0.723017733
3997,0.700104129
3998,0.679696167
3999,0.737472387
4000,0.813185961
4001,0.694958116
4002,0.277547105
4003,0
4004,0
4005,0
4006,0
4007,0
4008,0
4009,0
4010,0
4011,0
4012,0
4013,0
4014,0.11891179
4015,0.447573746
4016,0.674411841
4017,0.714869929
4018,0.515683354
4019,0.276540516
4020,0.235593223
4021,0.43041263
4022,0.684870461
4023,0.733667405
4024,0.714085196
4025,0.652634242
4026,0.294193692
4027,0
4028,0
4029,0
4030,0
4031,0
4032,0
4033,0
4034,0
4035,0
4036,0
4037,0
4038,0.172309717
4039,0.54868429
4040,0.733218583
4041,0.705145069
4042,0.694882748
4043,0.700226626
4044,0.696277822
4045,0.734096775
4046,0.757568688
4047,0.746655537
4048,0.757794546
4049,0.711451573
4050,0.321256544
4051,0
4052,0
4053,0
4054,0
4055,0
4056,0
4057,0
4058,0
4059,0
4060,0
4061,0
4062,0.167720208
4063,0.486353953
4064,0.703041896
4065,0.729514383
4066,0.735845676
4067,0.72979047
4068,0.683837699
4069,0.678255183
4070,0.673433527
4071,0.660428377
4072,0.672087726
4073,0.619492003
4074,0.262614533
4075,0
4076,0
4077,0
4078,0
4079,0
4080,0
4081,0
4082,0
4083,0
4084,0
4085,0
4086,0.143826469
4087,0.507936535
4088,0.714522417
4089,0.725074277
4090,0.713220158
4091,0.653470817
4092,0.641954334
4093,0.697917984
4094,0.724741372
4095,0.700211145
4096,0.687650544
4097,0.647803862
4098,0.293825232
4099,0
4100,0
4101,0
4102,0
4103,0
4104,0
4105,0
4106,0
4107,0
4108,0
4109,0
4110,0.150798459
4111,0.480511186
4112,0.688455774
4113,0.686714565
4114,0.654981367
4115,0.709273783
4116,0.720399979
4117,0.696277261
4118,0.710432559
4119,0.715005064
4120,0.723328178
4121,0.657062235
4122,0.285076131
4123,0
4124,0
4125,0
4126,0
4127,0
4128,0
4129,0
4130,0
4131,0
4132,0
4133,0
4134,0.133387838
4135,0.479871599
4136,0.67524182
4137,0.663719738
4138,0.660361592
4139,0.664320559
4140,0.679689915
4141,0.703363971
4142,0.703980328
4143,0.633162485
4144,0.661349813
4145,0.653291129
4146,0.274270753
4147,0
4148,0
4149,0
4150,0
4151,0
4152,0
4153,0
4154,0
4155,0
4156,0
4157,0
4158,0.136029228
4159,0.492156262
4160,0.668500977
4161,0.660490092
4162,0.680533349
4163,0.671640065
4164,0.676052665
4165,0.681380206
4166,0.690074659
4167,0.684976206
4168,0.730512235
4169,0.724046028
4170,0.320999751
4171,0
4172,0
4173,0
4174,0
4175,0
4176,0
4177,0
4178,0
4179,0
4180,0
4181,0
4182,0.156355974
4183,0.518573928
4184,0.733088799
4185,0.735402144
4186,0.75202614
4187,0.772610449
4188,0.71615107
4189,0.668253985
4190,0.660949246
4191,0.630407616
4192,0.663720415
4193,0.602191312
4194,0.236866457
4195,0
4196,0
4197,0
4198,0
4199,0
4200,0
4201,0
4202,0
4203,0
4204,0
4205,0
4206,0.118415295
4207,0.469831809
4208,0.690644966
4209,0.626388411
4210,0.630707272
4211,0.700474384
4212,0.656346091
4213,0.648334045
4214,0.715742551
4215,0.73132108
4216,0.707726514
4217,0.625093734
4218,0.270473227
4219,0
4220,0
4221,0
4222,0
4223,0
4224,0
4225,0
4226,0
4227,0
4228,0
4229,0
4230,0.123908169
4231,0.360648703
4232,0.459740061
4233,0.592855092
4234,0.712909882
4235,0.720073262
4236,0.752047597
4237,0.778478024
4238,0.755397566
4239,0.60411214
4240,0.521478951
4241,0.517335899
4242,0.236305501
4243,0
4244,0
4245,0
4246,0
4247,0
4248,0
4249,0
4250,0
4251,0
4252,0
4253,0
4254,0
4255,0.152648766
4256,0.576689719
4257,0.706915327
4258,0.536926472
4259,0.423891871
4260,0.366486107
4261,0.529759809
4262,0.700966652
4263,0.7171861
4264,0.732567023
4265,0.492487877
4266,0.117714698
4267,0
4268,0
4269,0
4270,0
4271,0
4272,0
4273,0
4274,0
4275,0
4276,0
4277,0
4278,0
4279,0.105742913
4280,0.493575611
4281,0.736181137
4282,0.653064972
4283,0.509445542
4284,0.418033263
4285,0.549512449
4286,0.551966468
4287,0.254092984
4288,0.044696181
4289,0
4290,0
4291,0
4292,0
4293,0
4294,0
4295,0
4296,0
4297,0
4298,0
4299,0
4300,0
4301,0
4302,0
4303,0.020549689
4304,0.197055188
4305,0.504102139
4306,0.629492068
4307,0.614968512
4308,0.660863444
4309,0.693886644
4310,0.677410743
4311,0.482794922
4312,0.197622917
4313,0.07333727
4314,0.027799062
4315,0
4316,0
4317,0
4318,0
4319,0
4320,0
4321,0
4322,0
4323,0
4324,0
4325,0
4326,0.057067992
4327,0.171113938
4328,0.249242825
4329,0.275085308
4330,0.363301159
4331,0.575359746
4332,0.704279353
4333,0.719892013
4334,0.708214281
4335,0.58143686
4336,0.398118375
4337,0.155672904
4338,0
4339,0
4340,0
4341,0
4342,0
4343,0
4344,0
4345,0
4346,0
4347,0
4348,0
4349,0
4350,0
4351,0
4352,0
4353,0
4354,0
4355,0
4356,0
4357,0
4358,0
4359,0
4360,0.099875301
4361,0.144762289
4362,0.042942676
4363,0
4364,0
4365,0
4366,0
4367,0
4368,0
4369,0
4370,0
4371,0
4372,0
4373,0
4374,0.135480699
4375,0.458316511
4376,0.638191385
4377,0.642404087
4378,0.628930727
4379,0.697972146
4380,0.488835362
4381,0.277992236
4382,0.469044064
4383,0.695871064
4384,0.735292295
4385,0.499003867
4386,0.157749957
4387,0
4388,0
4389,0
4390,0
4391,0
4392,0
4393,0
4394,0
4395,0
4396,0
4397,0
4398,0.13095496
4399,0.510799217
4400,0.745464713
4401,0.750639849
4402,0.770568278
4403,0.76624932
4404,0.727474331
4405,0.657270784
4406,0.530499516
4407,0.449196414
4408,0.482233836
4409,0.412382793
4410,0.149762128
4411,0
4412,0
4413,0
4414,0
4415,0
4416,0
4417,0
4418,0
4419,0
4420,0
4421,0
4422,0.095891939
4423,0.386288328
4424,0.64150664
4425,0.689767557
4426,0.699527299
4427,0.585752632
4428,0.26517864
4429,0.151247237
4430,0.11811216
4431,0.172910863
4432,0.150877178
4433,0.012683229
4434,0.012231982
4435,0
4436,0
4437,0
4438,0
4439,0
4440,0
4441,0
4442,0
4443,0
4444,0
4445,0
4446,0.180831402
4447,0.536239275
4448,0.642475654
4449,0.662032159
4450,0.716025282
4451,0.386261726
4452,0.206392141
4453,0.454143912
4454,0.582414701
4455,0.489852272
4456,0.252893453
4457,0.109243392
4458,0.05253778
4459,0
4460,0
4461,0
4462,0
4463,0
4464,0
4465,0
4466,0
4467,0
4468,0
4469,0
4470,0.026254068
4471,0.262708852
4472,0.321270541
4473,0.196024599
4474,0.229902816
4475,0.176966744
4476,0.055371599
4477,0
4478,0
4479,0
4480,0.037555973
4481,0.036252057
4482,0
4483,0
4484,0
4485,0
4486,0
4487,0
4488,0
4489,0
4490,0
4491,0
4492,0
4493,0
4494,0.016816681
4495,0.133303939
4496,0.11097072
4497,0
4498,0.111058321
4499,0.107341788
4500,0
4501,0.108589993
4502,0.104918376
4503,0
4504,0.104297172
4505,0.248776037
4506,0.1387002
4507,0
4508,0
4509,0
4510,0
4511,0
4512,0
4513,0
4514,0
4515,0
4516,0
4517,0
4518,0.022869745
4519,0.22001505
4520,0.572431261
4521,0.669521598
4522,0.529425782
4523,0.540341095
4524,0.568260664
4525,0.411302046
4526,0.290471373
4527,0.284312031
4528,0.23022461
4529,0.084621607
4530,0
4531,0
4532,0
4533,0
4534,0
4535,0
4536,0
4537,0
4538,0
4539,0
4540,0
4541,0
4542,0.158588278
4543,0.483769567
4544,0.703924103
4545,0.709011247
4546,0.714326006
4547,0.616295445
4548,0.57295229
4549,0.665941275
4550,0.700180626
4551,0.714840682
4552,0.717131021
4553,0.576403818
4554,0.202471997
4555,0
4556,0
4557,0
4558,0
4559,0
4560,0
4561,0
4562,0
4563,0
4564,0
4565,0
4566,0.159231982
4567,0.564068342
4568,0.726450548
4569,0.74943738
4570,0.409782227
4571,0
4572,0
4573,0
4574,0.0518663
4575,0.09849077
4576,0.229614621
4577,0.448500104
4578,0.258000412
4579,0
4580,0
4581,0
4582,0
4583,0
4584,0
4585,0
4586,0
4587,0
4588,0
4589,0
4590,0.134513174
4591,0.513927098
4592,0.720028278
4593,0.584077494
4594,0.573728683
4595,0.627328535
4596,0.286963193
4597,0
4598,0.129716683
4599,0.518695215
4600,0.476080498
4601,0.23318888
4602,0.129566497
4603,0
4604,0
4605,0
4606,0
4607,0
4608,0
4609,0
4610,0
4611,0
4612,0
4613,0
4614,0.045874044
4615,0.095524417
4616,0.255700096
4617,0.48844433
4618,0.275616753
4619,0
4620,0.174961036
4621,0.372821249
4622,0.466792343
4623,0.661012553
4624,0.726136071
4625,0.515456672
4626,0.177144187
4627,0
4628,0
4629,0
4630,0
4631,0
4632,0
4633,0
4634,0
4635,0
4636,0
4637,0
4638,0.15743117
4639,0.548359804
4640,0.601870643
4641,0.476636235
4642,0.528663875
4643,0.580827587
4644,0.637774284
4645,0.714584417
4646,0.75021596
4647,0.686873125
4648,0.648455697
4649,0.62086918
4650,0.287138654
4651,0
4652,0
4653,0
4654,0
4655,0
4656,0
4657,0
4658,0
4659,0
4660,0
4661,0
4662,0.098622558
4663,0.371186017
4664,0.600941841
4665,0.672783566
4666,0.67171116
4667,0.661175569
4668,0.705963407
4669,0.722233308
4670,0.659260916
4671,0.639583664
4672,0.702774563
4673,0.459633413
4674,0.088231722
4675,0
4676,0
4677,0
4678,0
4679,0
4680,0
4681,0
4682,0
4683,0
4684,0
4685,0
4686,0.115877461
4687,0.486425142
4688,0.652329003
4689,0.639177134
4690,0.686653306
4691,0.642535989
4692,0.674062017
4693,0.70419998
4694,0.725310777
4695,0.774130161
4696,0.761216162
4697,0.689662765
4698,0.30750827
4699,0
4700,0
4701,0
4702,0
4703,0
4704,0
4705,0
4706,0
4707,0
4708,0
4709,0
4710,0.178187676
4711,0.466911353
4712,0.646094699
4713,0.716988553
4714,0.677572277
4715,0.634477132
4716,0.672429258
4717,0.693325214
4718,0.682376319
4719,0.691258697
4720,0.720610873
4721,0.679201176
4722,0.297443354
4723,0
4724,0
4725,0
4726,0
4727,0
4728,0
4729,0
4730,0
4731,0
4732,0
4733,0
4734,0.042061472
4735,0.334156687
4736,0.678434847
4737,0.696172489
4738,0.662637652
4739,0.694388603
4740,0.654471135
4741,0.654476111
4742,0.665553766
4743,0.64407806
4744,0.704868968
4745,0.672883309
4746,0.281443678
4747,0
4748,0
4749,0
4750,0
4751,0
4752,0
4753,0
4754,0
4755,0
4756,0
4757,0
4758,0.026657774
4759,0.310800373
4760,0.566883198
4761,0.598704769
4762,0.636881986
4763,0.656241094
4764,0.651195909
4765,0.650368379
4766,0.662479803
4767,0.695274647
4768,0.780748177
4769,0.666205039
4770,0.243892166
4771,0
4772,0
4773,0
4774,0
4775,0
4776,0
4777,0
4778,0
4779,0
4780,0
4781,0
4782,0.100322854
4783,0.466693652
4784,0.668784441
4785,0.629231492
4786,0.63493322
4787,0.623402812
4788,0.62928413
4789,0.699286547
4790,0.367778138
4791,0.101919499
4792,0.332196745
4793,0.221530499
4794,0
4795,0
4796,0
4797,0
4798,0
4799,0
4800,0
4801,0
4802,0
4803,0
4804,0
4805,0
4806,0
4807,0.125773809
4808,0.426241934
4809,0.47431565
4810,0.454634051
4811,0.588966196
4812,0.611727279
4813,0.624436862
4814,0.581257772
4815,0.566674383
4816,0.671544473
4817,0.350201098
4818,0
4819,0
4820,0
4821,0
4822,0
4823,0
4824,0
4825,0
4826,0
4827,0
4828,0
4829,0
4830,0
4831,0
4832,0
4833,0.131610839
4834,0.507567351
4835,0.58332772
4836,0.488807393
4837,0.533059999
4838,0.503010126
4839,0.342900214
4840,0.359670643
4841,0.528260891
4842,0.265520507
4843,0
4844,0
4845,0
4846,0
4847,0
4848,0
4849,0
4850,0
4851,0
4852,0
4853,0
4854,0.026784215
4855,0.124406605
4856,0.387971558
4857,0.280957198
4858,0
4859,0
4860,0
4861,0
4862,0
4863,0
4864,0.034681501
4865,0.033674927
4866,0
4867,0
4868,0
4869,0
4870,0
4871,0
4872,0
4873,0
4874,0
4875,0
4876,0
4877,0
4878,0.118624998
4879,0.477388731
4880,0.667910207
4881,0.637668135
4882,0.642526235
4883,0.657204786
4884,0.563591416
4885,0.223589722
4886,0.039396888
4887,0.038067719
4888,0
4889,0
4890,0
4891,0
4892,0
4893,0
4894,0
4895,0
4896,0
4897,0
4898,0
4899,0
4900,0
4901,0
4902,0.13836541
4903,0.472547438
4904,0.665149015
4905,0.656126748
4906,0.680187376
4907,0.672350919
4908,0.660056416
4909,0.676694647
4910,0.668039717
4911,0.654657718
4912,0.665847511
4913,0.650716388
4914,0.296472566
4915,0
4916,0
4917,0
4918,0
4919,0
4920,0
4921,0
4922,0
4923,0
4924,0
4925,0
4926,0
4927,0.046036675
4928,0.085272759
4929,0.082934974
4930,0.103755888
4931,0.211029077
4932,0.14841322
4933,0.040931827
4934,0.039552284
4935,0.10244856
4936,0.270991725
4937,0.237119048
4938,0.068355853
4939,0
4940,0
4941,0
4942,0
4943,0
4944,0
4945,0
4946,0
4947,0
4948,0
4949,0
4950,0.062977861
4951,0.345807246
4952,0.611709708
4953,0.592818002
4954,0.615813204
4955,0.696293049
4956,0.626039216
4957,0.289376765
4958,0.013029499
4959,0.059485902
4960,0.381544485
4961,0.503948323
4962,0.184546804
4963,0
4964,0
4965,0
4966,0
4967,0
4968,0
4969,0
4970,0
4971,0
4972,0
4973,0
4974,0.08088503
4975,0.384998556
4976,0.670790776
4977,0.676255873
4978,0.631902263
4979,0.666490087
4980,0.429239047
4981,0.090181289
4982,0
4983,0
4984,0.042694799
4985,0.218539954
4986,0.167652464
4987,0
4988,0
4989,0
4990,0
4991,0
4992,0
4993,0
4994,0
4995,0
4996,0
4997,0
4998,0.084586088
4999,0.383488481
5000,0.663718476
5001,0.641214425
5002,0.647151433
5003,0.617880055
5004,0.245566247
5005,0
5006,0
5007,0.014897207
5008,0.026499774
5009,0.064208956
5010,0.048984727
5011,0
5012,0
5013,0
5014,0
5015,0
5016,0
5017,0
5018,0
5019,0
5020,0
5021,0
5022,0
5023,0.151240532
5024,0.570125115
5025,0.696164981
5026,0.625845402
5027,0.647634296
5028,0.672495789
5029,0.709453908
5030,0.709019281
5031,0.705867033
5032,0.393899465
5033,0.053941639
5034,0
5035,0
5036,0
5037,0
5038,0
5039,0
5040,0
5041,0
5042,0
5043,0
5044,0
5045,0
5046,0.021285598
5047,0.252696024
5048,0.615639358
5049,0.649119274
5050,0.602935314
5051,0.45003623
5052,0.332615084
5053,0.552950844
5054,0.726980032
5055,0.727666335
5056,0.727086044
5057,0.58970562
5058,0.201974628
5059,0
5060,0
5061,0
5062,0
5063,0
5064,0
5065,0
5066,0
5067,0
5068,0
5069,0
5070,0.042192924
5071,0.2285515
5072,0.505572541
5073,0.592398548
5074,0.596815779
5075,0.601706492
5076,0.642853379
5077,0.675123465
5078,0.680548318
5079,0.646308074
5080,0.653501127
5081,0.589516199
5082,0.219005774
5083,0
5084,0
5085,0
5086,0
5087,0
5088,0
5089,0
5090,0
5091,0
5092,0
5093,0
5094,0
5095,0.163929216
5096,0.518213614
5097,0.700757546
5098,0.68734399
5099,0.664939536
5100,0.657264784
5101,0.663319944
5102,0.673910708
5103,0.688603434
5104,0.718421482
5105,0.602536116
5106,0.229292294
5107,0
5108,0
5109,0
5110,0
5111,0
5112,0
5113,0
5114,0
5115,0
5116,0
5117,0
5118,0.044387355
5119,0.368258404
5120,0.656569926
5121,0.622497439
5122,0.631235048
5123,0.660375894
5124,0.660224592
5125,0.687092572
5126,0.698034504
5127,0.677208875
5128,0.675336333
5129,0.558733001
5130,0.204428265
5131,0
5132,0
5133,0
5134,0
5135,0
5136,0
5137,0
5138,0
5139,0
5140,0
5141,0
5142,0.014068793
5143,0.226624444
5144,0.538816557
5145,0.647315593
5146,0.665229377
5147,0.674728905
5148,0.711626874
5149,0.71589223
5150,0.687758467
5151,0.72627032
5152,0.701235599
5153,0.487636874
5154,0.159648048
5155,0
5156,0
5157,0
5158,0
5159,0
5160,0
5161,0
5162,0
5163,0
5164,0
5165,0
5166,0.035100172
5167,0.260523017
5168,0.590343587
5169,0.762640243
5170,0.818465825
5171,0.801716439
5172,0.791321392
5173,0.842946421
5174,0.864212779
5175,0.853021977
5176,0.787148177
5177,0.597167589
5178,0.228699434
5179,0
5180,0
5181,0
5182,0
5183,0
5184,0
5185,0
5186,0
5187,0
5188,0
5189,0
5190,0.015993972
5191,0.237114624
5192,0.622068376
5193,0.765480089
5194,0.733484802
5195,0.741166154
5196,0.610879281
5197,0.388767034
5198,0.369642352
5199,0.259245356
5200,0.103139639
5201,0.14369408
5202,0.081794747
5203,0
5204,0
5205,0
5206,0
5207,0
5208,0
5209,0
5210,0
5211,0
5212,0
5213,0
5214,0.01390961
5215,0.234623925
5216,0.565490283
5217,0.438128775
5218,0.188207806
5219,0.17666648
5220,0.26783373
5221,0.323628961
5222,0.210196407
5223,0.275660605
5224,0.324653139
5225,0.188721062
5226,0.069703058
5227,0
5228,0
5229,0
5230,0
5231,0
5232,0
5233,0
5234,0
5235,0
5236,0
5237,0
5238,0.024628876
5239,0.245402349
5240,0.568857152
5241,0.738181146
5242,0.763760391
5243,0.754832122
5244,0.717310479
5245,0.685362844
5246,0.702632375
5247,0.696223122
5248,0.747393093
5249,0.567529517
5250,0.162829821
5251,0
5252,0
5253,0
5254,0
5255,0
5256,0
5257,0
5258,0
5259,0
5260,0
5261,0
5262,0.03164571
5263,0.35512917
5264,0.671665078
5265,0.748997025
5266,0.768361799
5267,0.723674734
5268,0.738325997
5269,0.742356636
5270,0.716633917
5271,0.68049795
5272,0.666871884
5273,0.473431703
5274,0.129081185
5275,0
5276,0
5277,0
5278,0
5279,0
5280,0
5281,0
5282,0
5283,0
5284,0
5285,0
5286,0.025272564
5287,0.257628066
5288,0.585546978
5289,0.693553373
5290,0.683588434
5291,0.67674224
5292,0.706032963
5293,0.768734646
5294,0.778798072
5295,0.751229917
5296,0.718497808
5297,0.511496264
5298,0.161026035
5299,0
5300,0
5301,0
5302,0
5303,0
5304,0
5305,0
5306,0
5307,0
5308,0
5309,0
5310,0.043928641
5311,0.345590174
5312,0.647567444
5313,0.696176896
5314,0.678847083
5315,0.679237263
5316,0.735361749
5317,0.745807438
5318,0.713341571
5319,0.706955205
5320,0.70034924
5321,0.499907021
5322,0.150083641
5323,0
5324,0
5325,0
5326,0
5327,0
5328,0
5329,0
5330,0
5331,0
5332,0
5333,0
5334,0
5335,0.177644249
5336,0.566461087
5337,0.769254827
5338,0.751166561
5339,0.728728903
5340,0.776258334
5341,0.765212366
5342,0.684093198
5343,0.666722217
5344,0.691340291
5345,0.502313098
5346,0.145733001
5347,0
5348,0
5349,0
5350,0
5351,0
5352,0
5353,0
5354,0
5355,0
5356,0
5357,0
5358,0.036520104
5359,0.345857644
5360,0.661315002
5361,0.740370313
5362,0.701726593
5363,0.652598312
5364,0.702639584
5365,0.738357092
5366,0.743739817
5367,0.746391493
5368,0.755053543
5369,0.468908903
5370,0.08993247
5371,0
5372,0
5373,0
5374,0
5375,0
5376,0
5377,0
5378,0
5379,0
5380,0
5381,0
5382,0.013345693
5383,0.244446679
5384,0.594406045
5385,0.761610424
5386,0.751559176
5387,0.710576221
5388,0.696773068
5389,0.709834043
5390,0.715667238
5391,0.634563827
5392,0.549773196
5393,0.35416156
5394,0.09104819
5395,0
5396,0
5397,0
5398,0
5399,0
5400,0
5401,0
5402,0
5403,0
5404,0
5405,0
5406,0.014603002
5407,0.20450714
5408,0.495693564
5409,0.616057798
5410,0.685003457
5411,0.759841318
5412,0.728678335
5413,0.691520978
5414,0.6957755
5415,0.655901899
5416,0.660018214
5417,0.487096248
5418,0.136447958
5419,0
5420,0
5421,0
5422,0
5423,0
5424,0
5425,0
5426,0
5427,0
5428,0
5429,0
5430,0.011221022
5431,0.22700892
5432,0.568162542
5433,0.701481916
5434,0.682844387
5435,0.709959174
5436,0.733422617
5437,0.731346764
5438,0.743325452
5439,0.747165391
5440,0.734830299
5441,0.438650274
5442,0.084422809
5443,0
5444,0
5445,0
5446,0
5447,0
5448,0
5449,0
5450,0
5451,0
5452,0
5453,0
5454,0.011159735
5455,0.225707369
5456,0.583399158
5457,0.763034129
5458,0.608212356
5459,0.458127692
5460,0.488768897
5461,0.608798083
5462,0.742910131
5463,0.758557756
5464,0.721457064
5465,0.419605322
5466,0.075448945
5467,0
5468,0
5469,0
5470,0
5471,0
5472,0
5473,0
5474,0
5475,0
5476,0
5477,0
5478,0
5479,0.153243038
5480,0.489462527
5481,0.674525542
5482,0.720044958
5483,0.778635652
5484,0.783302001
5485,0.747849746
5486,0.749633406
5487,0.830523914
5488,0.857307221
5489,0.484473549
5490,0.077893452
5491,0
5492,0
5493,0
5494,0
5495,0
5496,0
5497,0
5498,0
5499,0
5500,0
5501,0
5502,0
5503,0.146237285
5504,0.501094036
5505,0.674990856
5506,0.660967514
5507,0.702221588
5508,0.727101316
5509,0.735644906
5510,0.706718278
5511,0.697370857
5512,0.778310188
5513,0.520409599
5514,0.109541394
5515,0
5516,0
5517,0
5518,0
5519,0
5520,0
5521,0
5522,0
5523,0
5524,0
5525,0
5526,0
5527,0.140634592
5528,0.497259473
5529,0.677212941
5530,0.696407794
5531,0.68376807
5532,0.699259442
5533,0.751586547
5534,0.735218847
5535,0.760844186
5536,0.794490963
5537,0.462291886
5538,0.068077354
5539,0
5540,0
5541,0
5542,0
5543,0
5544,0
5545,0
5546,0
5547,0
5548,0
5549,0
5550,0
5551,0.1564224
5552,0.522820837
5553,0.745018196
5554,0.726883837
5555,0.622674639
5556,0.616221487
5557,0.682938932
5558,0.72557767
5559,0.751805848
5560,0.811436413
5561,0.463613683
5562,0.036160227
5563,0
5564,0
5565,0
5566,0
5567,0
5568,0
5569,0
5570,0
5571,0
5572,0
5573,0
5574,0
5575,0.171298163
5576,0.519004618
5577,0.668301549
5578,0.671026748
5579,0.66678665
5580,0.685793002
5581,0.697551697
5582,0.659060544
5583,0.682980245
5584,0.715999642
5585,0.346494291
5586,0
5587,0
5588,0
5589,0
5590,0
5591,0
5592,0
5593,0
5594,0
5595,0
5596,0
5597,0
5598,0
5599,0.177522656
5600,0.549520235
5601,0.696078032
5602,0.67662937
5603,0.681233927
5604,0.658486652
5605,0.651863811
5606,0.634717265
5607,0.522911761
5608,0.534869976
5609,0.340227675
5610,0.030712219
5611,0
5612,0
5613,0
5614,0
5615,0
5616,0
5617,0
5618,0
5619,0
5620,0
5621,0
5622,0
5623,0.156120558
5624,0.513534387
5625,0.699763151
5626,0.727330921
5627,0.738533547
5628,0.728057534
5629,0.714030071
5630,0.676887701
5631,0.704779311
5632,0.821114613
5633,0.435871735
5634,0
5635,0
5636,0
5637,0
5638,0
5639,0
5640,0
5641,0
5642,0
5643,0
5644,0
5645,0
5646,0
5647,0.14661718
5648,0.504715412
5649,0.708610512
5650,0.649619301
5651,0.514516039
5652,0.519966119
5653,0.649126499
5654,0.725038763
5655,0.794367829
5656,0.848214743
5657,0.416761626
5658,0
5659,0
5660,0
5661,0
5662,0
5663,0
5664,0
5665,0
5666,0
5667,0
5668,0
5669,0
5670,0
5671,0.147384072
5672,0.490479872
5673,0.666407435
5674,0.684853159
5675,0.553700154
5676,0.536733559
5677,0.670978221
5678,0.565117012
5679,0.52118521
5680,0.723618376
5681,0.419626224
5682,0
5683,0
5684,0
5685,0
5686,0
5687,0
5688,0
5689,0
5690,0
5691,0
5692,0
5693,0
5694,0
5695,0.148931242
5696,0.515056688
5697,0.712198082
5698,0.712551866
5699,0.692607697
5700,0.725198822
5701,0.730862449
5702,0.678067506
5703,0.693494458
5704,0.675540572
5705,0.311358609
5706,0
5707,0
5708,0
5709,0
5710,0
5711,0
5712,0
5713,0
5714,0
5715,0
5716,0
5717,0
5718,0
5719,0.101300687
5720,0.406116469
5721,0.688755212
5722,0.720840857
5723,0.693867837
5724,0.71733314
5725,0.687554654
5726,0.726825054
5727,0.772964557
5728,0.637988935
5729,0.25833428
5730,0
5731,0
5732,0
5733,0
5734,0
5735,0
5736,0
5737,0
5738,0
5739,0
5740,0
5741,0
5742,0
5743,0.149865242
5744,0.453891897
5745,0.620716257
5746,0.66197029
5747,0.611382308
5748,0.55282065
5749,0.582778776
5750,0.622170906
5751,0.688743093
5752,0.77149708
5753,0.393191473
5754,0
5755,0
5756,0
5757,0
5758,0
5759,0
5760,0
5761,0
5762,0
5763,0
5764,0
5765,0
5766,0
5767,0.146189795
5768,0.518375482
5769,0.720392791
5770,0.707016694
5771,0.682603594
5772,0.673466881
5773,0.699669833
5774,0.691963192
5775,0.702290377
5776,0.713966301
5777,0.338419104
5778,0
5779,0
5780,0
5781,0
5782,0
5783,0
5784,0
5785,0
5786,0
5787,0
5788,0
5789,0
5790,0
5791,0.136624937
5792,0.518466668
5793,0.72353304
5794,0.731978691
5795,0.736764543
5796,0.747111267
5797,0.752968818
5798,0.720746508
5799,0.770637185
5800,0.783825246
5801,0.364332847
5802,0
5803,0
5804,0
5805,0
5806,0
5807,0
5808,0
5809,0
5810,0
5811,0
5812,0
5813,0
5814,0
5815,0.15681577
5816,0.500962424
5817,0.557573686
5818,0.52367647
5819,0.609685643
5820,0.685483107
5821,0.692043689
5822,0.565395054
5823,0.583609307
5824,0.751959867
5825,0.407925719
5826,0
5827,0
5828,0
5829,0
5830,0
5831,0
5832,0
5833,0
5834,0
5835,0
5836,0
5837,0
5838,0
5839,0.0938593
5840,0.2582508
5841,0.480784308
5842,0.648233929
5843,0.670106458
5844,0.679690625
5845,0.701199692
5846,0.717921101
5847,0.754020511
5848,0.726833804
5849,0.324330841
5850,0
5851,0
5852,0
5853,0
5854,0
5855,0
5856,0
5857,0
5858,0
5859,0
5860,0
5861,0
5862,0
5863,0.136008866
5864,0.443331174
5865,0.632951935
5866,0.623000143
5867,0.586202481
5868,0.664820916
5869,0.686544156
5870,0.60809473
5871,0.604002319
5872,0.649180276
5873,0.328147727
5874,0
5875,0
5876,0
5877,0
5878,0
5879,0
5880,0
5881,0
5882,0
5883,0
5884,0
5885,0
5886,0
5887,0.153496214
5888,0.481711723
5889,0.701708474
5890,0.74532337
5891,0.722345854
5892,0.757781688
5893,0.763137887
5894,0.728083417
5895,0.746962893
5896,0.797666878
5897,0.406271322
5898,0
5899,0
5900,0
5901,0
5902,0
5903,0
5904,0
5905,0
5906,0
5907,0
5908,0
5909,0
5910,0
5911,0.160051519
5912,0.437931803
5913,0.675145104
5914,0.733739554
5915,0.372980818
5916,0.187678078
5917,0.307779889
5918,0.47452484
5919,0.687605809
5920,0.729903976
5921,0.340982639
5922,0
5923,0
5924,0
5925,0
5926,0
5927,0
5928,0
5929,0
5930,0
5931,0
5932,0
5933,0
5934,0
5935,0.079764178
5936,0.433790851
5937,0.71603459
5938,0.628870003
5939,0.466468014
5940,0.508506006
5941,0.544634731
5942,0.490968668
5943,0.644175929
5944,0.735958629
5945,0.332870189
5946,0
5947,0
5948,0
5949,0
5950,0
5951,0
5952,0
5953,0
5954,0
5955,0
5956,0
5957,0
5958,0
5959,0.106394309
5960,0.370180353
5961,0.550589218
5962,0.518925153
5963,0.518582776
5964,0.565843727
5965,0.535308046
5966,0.422485644
5967,0.452117386
5968,0.611127935
5969,0.321100861
5970,0
5971,0
5972,0
5973,0
5974,0
5975,0
5976,0
5977,0
5978,0
5979,0
5980,0
5981,0
5982,0
5983,0.161938663
5984,0.574530103
5985,0.712866683
5986,0.553793437
5987,0.557069069
5988,0.370023162
5989,0.191178323
5990,0.276161021
5991,0.351620641
5992,0.576019442
5993,0.362972882
5994,0
5995,0
5996,0
5997,0
5998,0
5999,0
6000,0
6001,0
6002,0
6003,0
6004,0
6005,0
6006,0
6007,0.155787859
6008,0.582341726
6009,0.741752783
6010,0.600803747
6011,0.633699338
6012,0.724912519
6013,0.461966943
6014,0.095189643
6015,0.034952081
6016,0.164895014
6017,0.124493758
6018,0
6019,0
6020,0
6021,0
6022,0
6023,0
6024,0
6025,0
6026,0
6027,0
6028,0
6029,0
6030,0
6031,0.131001728
6032,0.255714605
6033,0.340059813
6034,0.609524478
6035,0.615404314
6036,0.474411592
6037,0.49463353
6038,0.49617842
6039,0.550598077
6040,0.684064185
6041,0.36956555
6042,0
6043,0
6044,0
6045,0
6046,0
6047,0
6048,0
6049,0
6050,0
6051,0
6052,0
6053,0
6054,0
6055,0.159331774
6056,0.54421522
6057,0.79013013
6058,0.749810528
6059,0.703995551
6060,0.622325987
6061,0.568995799
6062,0.706982695
6063,0.747631648
6064,0.634803129
6065,0.277694885
6066,0
6067,0
6068,0
6069,0
6070,0
6071,0
6072,0
6073,0
6074,0
6075,0
6076,0
6077,0
6078,0
6079,0.157236055
6080,0.537094879
6081,0.721837929
6082,0.727154509
6083,0.755327798
6084,0.753873652
6085,0.73702459
6086,0.711203831
6087,0.654947767
6088,0.556135441
6089,0.247590342
6090,0
6091,0
6092,0
6093,0
6094,0
6095,0
6096,0
6097,0
6098,0
6099,0
6100,0
6101,0
6102,0
6103,0.13184971
6104,0.367839192
6105,0.522533587
6106,0.662442821
6107,0.757720202
6108,0.75162358
6109,0.728944572
6110,0.715674019
6111,0.71472856
6112,0.774071072
6113,0.401684079
6114,0
6115,0
6116,0
6117,0
6118,0
6119,0
6120,0
6121,0
6122,0
6123,0
6124,0
6125,0
6126,0
6127,0.15361619
6128,0.558025457
6129,0.759757096
6130,0.737472414
6131,0.763667395
6132,0.820005467
6133,0.796607847
6134,0.759718196
6135,0.742100866
6136,0.568280038
6137,0.215657032
6138,0
6139,0
6140,0
6141,0
6142,0
6143,0
6144,0
6145,0
6146,0
6147,0
6148,0
6149,0
6150,0
6151,0.171735799
6152,0.539880904
6153,0.707699869
6154,0.704392732
6155,0.710954841
6156,0.739998717
6157,0.704201826
6158,0.672457847
6159,0.742315127
6160,0.782688617
6161,0.385397358
6162,0
6163,0
6164,0
6165,0
6166,0
6167,0
6168,0
6169,0
6170,0
6171,0
6172,0
6173,0
6174,0
6175,0.144588533
6176,0.524802
6177,0.715889161
6178,0.677445276
6179,0.688121578
6180,0.795410539
6181,0.824643098
6182,0.773169887
6183,0.757271281
6184,0.732693417
6185,0.355906006
6186,0
6187,0
6188,0
6189,0
6190,0
6191,0
6192,0
6193,0
6194,0
6195,0
6196,0
6197,0
6198,0
6199,0.172012043
6200,0.519018136
6201,0.720342606
6202,0.743486975
6203,0.731766528
6204,0.78394218
6205,0.802337416
6206,0.635854997
6207,0.514885788
6208,0.459256209
6209,0.194807383
6210,0
6211,0
6212,0
6213,0
6214,0
6215,0
6216,0
6217,0
6218,0
6219,0
6220,0
6221,0
6222,0
6223,0.066394515
6224,0.099989471
6225,0.220924069
6226,0.481670549
6227,0.576385951
6228,0.6615469
6229,0.591180682
6230,0.358763357
6231,0.386182644
6232,0.443835157
6233,0.198520162
6234,0
6235,0
6236,0
6237,0
6238,0
6239,0
6240,0
6241,0
6242,0
6243,0
6244,0
6245,0
6246,0
6247,0.158151347
6248,0.519243202
6249,0.744771768
6250,0.778220129
6251,0.807142401
6252,0.829181772
6253,0.792327431
6254,0.773010467
6255,0.787924864
6256,0.653968195
6257,0.254098969
6258,0
6259,0
6260,0
6261,0
6262,0
6263,0
6264,0
6265,0
6266,0
6267,0
6268,0
6269,0
6270,0
6271,0.169044035
6272,0.558787042
6273,0.627377946
6274,0.530126958
6275,0.540426523
6276,0.577944046
6277,0.674550216
6278,0.77656704
6279,0.800790407
6280,0.63303443
6281,0.248903116
6282,0
6283,0
6284,0
6285,0
6286,0
6287,0
6288,0
6289,0
6290,0
6291,0
6292,0
6293,0
6294,0
6295,0.197093503
6296,0.488489696
6297,0.668042608
6298,0.719029127
6299,0.788428564
6300,0.826336604
6301,0.809580233
6302,0.817982583
6303,0.797430808
6304,0.597743208
6305,0.190550064
6306,0
6307,0
6308,0
6309,0
6310,0
6311,0
6312,0
6313,0
6314,0
6315,0
6316,0
6317,0
6318,0
6319,0.153757858
6320,0.537752621
6321,0.783176102
6322,0.824849262
6323,0.779408958
6324,0.702317081
6325,0.785835982
6326,0.908909854
6327,0.91876177
6328,0.678485746
6329,0.223819862
6330,0
6331,0
6332,0
6333,0
6334,0
6335,0
6336,0
6337,0
6338,0
6339,0
6340,0
6341,0
6342,0
6343,0.13113744
6344,0.576084028
6345,0.826123289
6346,0.741809762
6347,0.748835443
6348,0.652805077
6349,0.559127439
6350,0.58129951
6351,0.591014056
6352,0.473776358
6353,0.165750542
6354,0
6355,0
6356,0
6357,0
6358,0
6359,0
6360,0
6361,0
6362,0
6363,0
6364,0
6365,0
6366,0
6367,0.18608251
6368,0.624945827
6369,0.856720834
6370,0.797525934
6371,0.749088776
6372,0.769974022
6373,0.807413331
6374,0.803244546
6375,0.784505998
6376,0.588112876
6377,0.193150927
6378,0
6379,0
6380,0
6381,0
6382,0
6383,0
6384,0
6385,0
6386,0
6387,0
6388,0
6389,0
6390,0
6391,0.117054928
6392,0.448228955
6393,0.729600561
6394,0.728329842
6395,0.705143753
6396,0.736979834
6397,0.707867833
6398,0.717041339
6399,0.607385765
6400,0.273451344
6401,0.03873861
6402,0
6403,0
6404,0
6405,0
6406,0
6407,0
6408,0
6409,0
6410,0
6411,0
6412,0
6413,0
6414,0
6415,0.184370676
6416,0.620804306
6417,0.850371794
6418,0.788342543
6419,0.726027681
6420,0.56444516
6421,0.493654442
6422,0.565955314
6423,0.634439792
6424,0.47219931
6425,0.12613918
6426,0
6427,0
6428,0
6429,0
6430,0
6431,0
6432,0
6433,0
6434,0
6435,0
6436,0
6437,0
6438,0
6439,0.182611527
6440,0.613193348
6441,0.852120628
6442,0.817531004
6443,0.812281495
6444,0.775530069
6445,0.725371758
6446,0.689201538
6447,0.658611121
6448,0.436427624
6449,0.101028024
6450,0
6451,0
6452,0
6453,0
6454,0
6455,0
6456,0
6457,0
6458,0
6459,0
6460,0
6461,0
6462,0
6463,0.107613118
6464,0.453750578
6465,0.706324877
6466,0.786063974
6467,0.848966647
6468,0.786145028
6469,0.760421417
6470,0.741145473
6471,0.749581056
6472,0.570244403
6473,0.162738181
6474,0
6475,0
6476,0
6477,0
6478,0
6479,0
6480,0
6481,0
6482,0
6483,0
6484,0
6485,0
6486,0
6487,0.174119396
6488,0.5705408
6489,0.787043513
6490,0.827843844
6491,0.846829967
6492,0.787989684
6493,0.818509241
6494,0.798412596
6495,0.717117811
6496,0.514415354
6497,0.151757331
6498,0
6499,0
6500,0
6501,0
6502,0
6503,0
6504,0
6505,0
6506,0
6507,0
6508,0
6509,0
6510,0
6511,0.166977246
6512,0.579564827
6513,0.803420936
6514,0.72599723
6515,0.67255777
6516,0.732814707
6517,0.819939723
6518,0.791004703
6519,0.787434784
6520,0.545245334
6521,0.122473289
6522,0
6523,0
6524,0
6525,0
6526,0
6527,0
6528,0
6529,0
6530,0
6531,0
6532,0
6533,0
6534,0
6535,0.155496456
6536,0.555814843
6537,0.648565512
6538,0.514623416
6539,0.511374353
6540,0.540711223
6541,0.607699363
6542,0.714060458
6543,0.802382897
6544,0.448332358
6545,0.046876801
6546,0
6547,0
6548,0
6549,0
6550,0
6551,0
6552,0
6553,0
6554,0
6555,0
6556,0
6557,0
6558,0
6559,0.178856775
6560,0.513880018
6561,0.722411659
6562,0.742447111
6563,0.630420667
6564,0.529198022
6565,0.589317183
6566,0.482470627
6567,0.509045542
6568,0.465198891
6569,0.108212772
6570,0
6571,0
6572,0
6573,0
6574,0
6575,0
6576,0
6577,0
6578,0
6579,0
6580,0
6581,0
6582,0
6583,0.089027882
6584,0.327241308
6585,0.453633192
6586,0.485942547
6587,0.528628201
6588,0.480653577
6589,0.617649349
6590,0.731953469
6591,0.755975076
6592,0.448677299
6593,0.039040808
6594,0
6595,0
6596,0
6597,0
6598,0
6599,0
6600,0
6601,0
6602,0
6603,0
6604,0
6605,0
6606,0
6607,0.035552886
6608,0.244524372
6609,0.551668867
6610,0.713470183
6611,0.709886428
6612,0.600692382
6613,0.556395645
6614,0.389037911
6615,0.149619063
6616,0.049060674
6617,0
6618,0
6619,0
6620,0
6621,0
6622,0
6623,0
6624,0
6625,0
6626,0
6627,0
6628,0
6629,0
6630,0
6631,0
6632,0.013403231
6633,0.013757499
6634,0
6635,0
6636,0
6637,0
6638,0
6639,0
6640,0
6641,0
6642,0
6643,0
6644,0
6645,0
6646,0
6647,0
6648,0
6649,0
6650,0
6651,0
6652,0
6653,0
6654,0
6655,0.060674259
6656,0.110892002
6657,0.089913523
6658,0.166189077
6659,0.308339466
6660,0.272013429
6661,0.335636489
6662,0.570765459
6663,0.676940148
6664,0.341723396
6665,0
6666,0
6667,0
6668,0
6669,0
6670,0
6671,0
6672,0
6673,0
6674,0
6675,0
6676,0
6677,0
6678,0
6679,0.175989081
6680,0.594748204
6681,0.856425039
6682,0.847190743
6683,0.753428026
6684,0.387068948
6685,0.182762054
6686,0.248072252
6687,0.292193632
6688,0.171382428
6689,0
6690,0
6691,0
6692,0
6693,0
6694,0
6695,0
6696,0
6697,0
6698,0
6699,0
6700,0
6701,0
6702,0
6703,0
6704,0.026796198
6705,0.158138324
6706,0.24980556
6707,0.167550076
6708,0.292063281
6709,0.524513218
6710,0.655847993
6711,0.776792107
6712,0.397905438
6713,0
6714,0
6715,0
6716,0
6717,0
6718,0
6719,0
6720,0
6721,0
6722,0
6723,0
6724,0
6725,0
6726,0
6727,0
6728,0.047366823
6729,0.045985561
6730,0.073809611
6731,0.093526579
6732,0.021395442
6733,0
6734,0
6735,0
6736,0
6737,0
6738,0
6739,0
6740,0
6741,0
6742,0
6743,0
6744,0
6745,0
6746,0
6747,0
6748,0
6749,0
6750,0
6751,0.183218755
6752,0.605536797
6753,0.82162699
6754,0.783665649
6755,0.592652219
6756,0.411671948
6757,0.549294504
6758,0.734472367
6759,0.781507724
6760,0.387202784
6761,0
6762,0
6763,0
6764,0
6765,0
6766,0
6767,0
6768,0
6769,0
6770,0
6771,0
6772,0
6773,0
6774,0
6775,0.145121896
6776,0.562586852
6777,0.710671194
6778,0.636014774
6779,0.717751474
6780,0.697597211
6781,0.661287242
6782,0.678098675
6783,0.675133549
6784,0.331761071
6785,0
6786,0
6787,0
6788,0
6789,0
6790,0
6791,0
6792,0
6793,0
6794,0
6795,0
6796,0
6797,0
6798,0
6799,0.038594508
6800,0.350860177
6801,0.714870731
6802,0.761368032
6803,0.670958424
6804,0.656420268
6805,0.68462578
6806,0.676302796
6807,0.632095988
6808,0.291514133
6809,0
6810,0
6811,0
6812,0
6813,0
6814,0
6815,0
6816,0
6817,0
6818,0
6819,0
6820,0
6821,0
6822,0
6823,0
6824,0.089620213
6825,0.437825795
6826,0.753571328
6827,0.750948018
6828,0.478927459
6829,0.344887402
6830,0.46423257
6831,0.651581332
6832,0.379296685
6833,0
6834,0
6835,0
6836,0
6837,0
6838,0
6839,0
6840,0
6841,0
6842,0
6843,0
6844,0
6845,0
6846,0
6847,0
6848,0.038421226
6849,0.265049827
6850,0.511481871
6851,0.61578293
6852,0.726999489
6853,0.818166922
6854,0.731433035
6855,0.712167572
6856,0.389966129
6857,0
6858,0
6859,0
6860,0
6861,0
6862,0
6863,0
6864,0
6865,0
6866,0
6867,0
6868,0
6869,0
6870,0
6871,0.091122033
6872,0.450623593
6873,0.582997663
6874,0.437164353
6875,0.451868217
6876,0.477242334
6877,0.551928201
6878,0.730312712
6879,0.843519086
6880,0.423954203
6881,0
6882,0
6883,0
6884,0
6885,0
6886,0
6887,0
6888,0
6889,0
6890,0
6891,0
6892,0
6893,0
6894,0
6895,0.016534785
6896,0.253437461
6897,0.627213242
6898,0.757888672
6899,0.731937166
6900,0.730658727
6901,0.761937344
6902,0.819313457
6903,0.865507835
6904,0.428217961
6905,0
6906,0
6907,0
6908,0
6909,0
6910,0
6911,0
6912,0
6913,0
6914,0
6915,0
6916,0
6917,0
6918,0
6919,0
6920,0
6921,0.026132385
6922,0.026060644
6923,0.024634202
6924,0.074265799
6925,0.113126885
6926,0.099152995
6927,0.137135165
6928,0.097891928
6929,0
6930,0
6931,0
6932,0
6933,0
6934,0
6935,0
6936,0
6937,0
6938,0
6939,0
6940,0
6941,0
6942,0
6943,0
6944,0
6945,0
6946,0.073461265
6947,0.349665894
6948,0.62423989
6949,0.603686716
6950,0.248069998
6951,0.03886225
6952,0.037550865
6953,0
6954,0
6955,0
6956,0
6957,0
6958,0
6959,0
6960,0
6961,0
6962,0
6963,0
6964,0
6965,0
6966,0
6967,0.043830878
6968,0.448715305
6969,0.813123273
6970,0.790445345
6971,0.744438993
6972,0.766017805
6973,0.817002585
6974,0.767326246
6975,0.33857898
6976,0
6977,0
6978,0
6979,0
6980,0
6981,0
6982,0
6983,0
6984,0
6985,0
6986,0
6987,0
6988,0
6989,0
6990,0
6991,0.042843773
6992,0.397061241
6993,0.674912631
6994,0.668963327
6995,0.617440676
6996,0.570066704
6997,0.600823798
6998,0.555282664
6999,0.538068888
7000,0.278839918
7001,0
7002,0
7003,0
7004,0
7005,0
7006,0
7007,0
7008,0
7009,0
7010,0
7011,0
7012,0
7013,0
7014,0
7015,0.050990392
7016,0.357858873
7017,0.697377676
7018,0.740301116
7019,0.621972087
7020,0.581170017
7021,0.699170589
7022,0.836322233
7023,0.871359063
7024,0.416884256
7025,0
7026,0
7027,0
7028,0
7029,0
7030,0
7031,0
7032,0
7033,0
7034,0
7035,0
7036,0
7037,0
7038,0
7039,0.040209877
7040,0.347132472
7041,0.658332001
7042,0.666775049
7043,0.644691411
7044,0.63846088
7045,0.606772056
7046,0.661878589
7047,0.721715718
7048,0.351282439
7049,0
7050,0
7051,0
7052,0
7053,0
7054,0
7055,0
7056,0
7057,0
7058,0
7059,0
7060,0
7061,0
7062,0
7063,0.063882066
7064,0.429500838
7065,0.736735003
7066,0.645763144
7067,0.480301726
7068,0.45724452
7069,0.639575539
7070,0.82047882
7071,0.818235551
7072,0.378260174
7073,0
7074,0
7075,0
7076,0
7077,0
7078,0
7079,0
7080,0
7081,0
7082,0
7083,0
7084,0
7085,0
7086,0
7087,0.088593899
7088,0.511837026
7089,0.803210178
7090,0.730662479
7091,0.678222856
7092,0.643796598
7093,0.694741405
7094,0.815740884
7095,0.812078664
7096,0.372097794
7097,0
7098,0
7099,0
7100,0
7101,0
7102,0
7103,0
7104,0
7105,0
7106,0
7107,0
7108,0
7109,0
7110,0
7111,0.053553936
7112,0.403737913
7113,0.702814712
7114,0.66704868
7115,0.631604825
7116,0.642325849
7117,0.618983059
7118,0.661150335
7119,0.702739758
7120,0.330746303
7121,0
7122,0
7123,0
7124,0
7125,0
7126,0
7127,0
7128,0
7129,0
7130,0
7131,0
7132,0
7133,0
7134,0
7135,0.068017227
7136,0.492215813
7137,0.763078274
7138,0.629995454
7139,0.533283659
7140,0.53521333
7141,0.631057333
7142,0.714952284
7143,0.629330379
7144,0.254742922
7145,0
7146,0
7147,0
7148,0
7149,0
7150,0
7151,0
7152,0
7153,0
7154,0
7155,0
7156,0
7157,0
7158,0
7159,0.021661018
7160,0.276311448
7161,0.601165921
7162,0.663050463
7163,0.596026139
7164,0.547630271
7165,0.556552088
7166,0.528647187
7167,0.414795741
7168,0.167202814
7169,0
7170,0
7171,0
7172,0
7173,0
7174,0
7175,0
7176,0
7177,0
7178,0
7179,0
7180,0
7181,0
7182,0
7183,0
7184,0
7185,0
7186,0.045544101
7187,0.204252848
7188,0.399880495
7189,0.589750372
7190,0.757304378
7191,0.74624979
7192,0.328403586
7193,0
7194,0
7195,0
7196,0
7197,0
7198,0
7199,0
7200,0
7201,0
7202,0
7203,0
7204,0
7205,0
7206,0
7207,0
7208,0.116129916
7209,0.326238841
7210,0.374286318
7211,0.396096359
7212,0.472803573
7213,0.495826891
7214,0.544117061
7215,0.610384188
7216,0.309587582
7217,0
7218,0
7219,0
7220,0
7221,0
7222,0
7223,0
7224,0
7225,0
7226,0
7227,0
7228,0
7229,0
7230,0
7231,0
7232,0.157849284
7233,0.436915752
7234,0.462450873
7235,0.342914556
7236,0.342208813
7237,0.530630893
7238,0.707145891
7239,0.653415798
7240,0.278071076
7241,0
7242,0
7243,0
7244,0
7245,0
7246,0
7247,0
7248,0
7249,0
7250,0
7251,0
7252,0
7253,0
7254,0
7255,0
7256,0.159780614
7257,0.504890746
7258,0.645579526
7259,0.577208419
7260,0.572785025
7261,0.633630442
7262,0.740182835
7263,0.717301698
7264,0.302363459
7265,0
7266,0
7267,0
7268,0
7269,0
7270,0
7271,0
7272,0
7273,0
7274,0
7275,0
7276,0
7277,0
7278,0
7279,0
7280,0.069860046
7281,0.140157848
7282,0.248660507
7283,0.376216226
7284,0.444802055
7285,0.536361939
7286,0.550833522
7287,0.475620237
7288,0.209213658
7289,0
7290,0
7291,0
7292,0
7293,0
7294,0
7295,0
7296,0
7297,0
7298,0
7299,0
7300,0
7301,0
7302,0
7303,0
7304,0.120533096
7305,0.357870066
7306,0.419178701
7307,0.373908047
7308,0.429549169
7309,0.563537206
7310,0.646098252
7311,0.558821276
7312,0.226860914
7313,0
7314,0
7315,0
7316,0
7317,0
7318,0
7319,0
7320,0
7321,0
7322,0
7323,0
7324,0
7325,0
7326,0
7327,0
7328,0.184312017
7329,0.509385162
7330,0.503644672
7331,0.340213199
7332,0.362154369
7333,0.560700478
7334,0.748040527
7335,0.63637528
7336,0.233631971
7337,0
7338,0
7339,0
7340,0
7341,0
7342,0
7343,0
7344,0
7345,0
7346,0
7347,0
7348,0
7349,0
7350,0
7351,0
7352,0.165325613
7353,0.485801476
7354,0.530239441
7355,0.506010567
7356,0.6134095
7357,0.647529245
7358,0.528030104
7359,0.433275778
7360,0.218733013
7361,0
7362,0
7363,0
7364,0
7365,0
7366,0
7367,0
7368,0
7369,0
7370,0
7371,0
7372,0
7373,0
7374,0
7375,0
7376,0.044106893
7377,0.042839585
7378,0.058559868
7379,0.283842833
7380,0.537353414
7381,0.670726102
7382,0.728162338
7383,0.625951939
7384,0.249478931
7385,0
7386,0
7387,0
7388,0
7389,0
7390,0
7391,0
7392,0
7393,0
7394,0
7395,0
7396,0
7397,0
7398,0
7399,0
7400,0
7401,0.02315869
7402,0.125725585
7403,0.154919255
7404,0.123546424
7405,0.286994034
7406,0.522183892
7407,0.542524375
7408,0.230200211
7409,0
7410,0
7411,0
7412,0
7413,0
7414,0
7415,0
7416,0
7417,0
7418,0
7419,0
7420,0
7421,0
7422,0
7423,0
7424,0.161764518
7425,0.517507263
7426,0.546794526
7427,0.302872059
7428,0.270522486
7429,0.418873695
7430,0.372948073
7431,0.194761802
7432,0.067284813
7433,0
7434,0
7435,0
7436,0
7437,0
7438,0
7439,0
7440,0
7441,0
7442,0
7443,0
7444,0
7445,0
7446,0
7447,0
7448,0.158861691
7449,0.482828223
7450,0.601957544
7451,0.56605248
7452,0.584276873
7453,0.632128759
7454,0.645658663
7455,0.467892836
7456,0.151560733
7457,0
7458,0
7459,0
7460,0
7461,0
7462,0
7463,0
7464,0
7465,0
7466,0
7467,0
7468,0
7469,0
7470,0
7471,0
7472,0.101823708
7473,0.268933204
7474,0.381525484
7475,0.473768779
7476,0.479567583
7477,0.33649765
7478,0.367533649
7479,0.397477541
7480,0.146519823
7481,0
7482,0
7483,0
7484,0
7485,0
7486,0
7487,0
7488,0
7489,0
7490,0
7491,0
7492,0
7493,0
7494,0
7495,0
7496,0.150395416
7497,0.386034768
7498,0.479514321
7499,0.400344446
7500,0.362291899
7501,0.473289924
7502,0.429377806
7503,0.212471891
7504,0.047103852
7505,0
7506,0
7507,0
7508,0
7509,0
7510,0
7511,0
7512,0
7513,0
7514,0
7515,0
7516,0
7517,0
7518,0
7519,0
7520,0.070896987
7521,0.293527914
7522,0.413209588
7523,0.378612207
7524,0.398760561
7525,0.534339906
7526,0.651438703
7527,0.512083425
7528,0.17460274
7529,0
7530,0
7531,0
7532,0
7533,0
7534,0
7535,0
7536,0
7537,0
7538,0
7539,0
7540,0
7541,0
7542,0
7543,0
7544,0.1643625
7545,0.465632058
7546,0.549208773
7547,0.471042419
7548,0.434923121
7549,0.453858711
7550,0.522601288
7551,0.398903242
7552,0.114294084
7553,0
7554,0
7555,0
7556,0
7557,0
7558,0
7559,0
7560,0
7561,0
7562,0
7563,0
7564,0
7565,0
7566,0
7567,0
7568,0.129514064
7569,0.472027272
7570,0.62184065
7571,0.53783537
7572,0.5430703
7573,0.635722185
7574,0.714937537
7575,0.526378804
7576,0.154988417
7577,0
7578,0
7579,0
7580,0
7581,0
7582,0
7583,0
7584,0
7585,0
7586,0
7587,0
7588,0
7589,0
7590,0
7591,0
7592,0.169473152
7593,0.496197788
7594,0.561711507
7595,0.429324893
7596,0.40996916
7597,0.457347404
7598,0.560110598
7599,0.470238952
7600,0.1459925
7601,0
7602,0
7603,0
7604,0
7605,0
7606,0
7607,0
7608,0
7609,0
7610,0
7611,0
7612,0
7613,0
7614,0
7615,0
7616,0
7617,0
7618,0
7619,0
7620,0
7621,0
7622,0
7623,0
7624,0
7625,0
7626,0
7627,0
7628,0
7629,0
7630,0
7631,0
7632,0
7633,0
7634,0
7635,0
7636,0
7637,0
7638,0
7639,0
7640,0.114432996
7641,0.384298642
7642,0.442629965
7643,0.328289033
7644,0.321491291
7645,0.276266293
7646,0.359678323
7647,0.29138378
7648,0.046462089
7649,0
7650,0
7651,0
7652,0
7653,0
7654,0
7655,0
7656,0
7657,0
7658,0
7659,0
7660,0
7661,0
7662,0
7663,0
7664,0.147521409
7665,0.42138231
7666,0.521027099
7667,0.494577147
7668,0.536064557
7669,0.621697508
7670,0.589198788
7671,0.369998367
7672,0.10705329
7673,0
7674,0
7675,0
7676,0
7677,0
7678,0
7679,0
7680,0
7681,0
7682,0
7683,0
7684,0
7685,0
7686,0
7687,0
7688,0.087698923
7689,0.293025798
7690,0.419662347
7691,0.46950025
7692,0.517518464
7693,0.576438578
7694,0.602445462
7695,0.393115646
7696,0.100294974
7697,0
7698,0
7699,0
7700,0
7701,0
7702,0
7703,0
7704,0
7705,0
7706,0
7707,0
7708,0
7709,0
7710,0
7711,0
7712,0.113527574
7713,0.366598384
7714,0.511429343
7715,0.49883217
7716,0.397698127
7717,0.373586979
7718,0.537008085
7719,0.413722623
7720,0.090932635
7721,0
7722,0
7723,0
7724,0
7725,0
7726,0
7727,0
7728,0
7729,0
7730,0
7731,0
7732,0
7733,0
7734,0
7735,0
7736,0.161700476
7737,0.417195936
7738,0.403328124
7739,0.349062013
7740,0.439127645
7741,0.535305163
7742,0.62073333
7743,0.427734481
7744,0.101014263
7745,0
7746,0
7747,0
7748,0
7749,0
7750,0
7751,0
7752,0
7753,0
7754,0
7755,0
7756,0
7757,0
7758,0
7759,0
7760,0.171571403
7761,0.493372992
7762,0.534424825
7763,0.422402361
7764,0.417010734
7765,0.518879304
7766,0.628815534
7767,0.40858532
7768,0.0870559
7769,0
7770,0
7771,0
7772,0
7773,0
7774,0
7775,0
7776,0
7777,0
7778,0
7779,0
7780,0
7781,0
7782,0
7783,0
7784,0.099718727
7785,0.333971471
7786,0.487314159
7787,0.493026027
7788,0.481227317
7789,0.541614641
7790,0.662831181
7791,0.445650756
7792,0.084852894
7793,0
7794,0
7795,0
7796,0
7797,0
7798,0
7799,0
7800,0
7801,0
7802,0
7803,0
7804,0
7805,0
7806,0
7807,0
7808,0.170354504
7809,0.490865024
7810,0.577805196
7811,0.502718651
7812,0.482960187
7813,0.503931695
7814,0.519725907
7815,0.292263506
7816,0.038887231
7817,0
7818,0
7819,0
7820,0
7821,0
7822,0
7823,0
7824,0
7825,0
7826,0
7827,0
7828,0
7829,0
7830,0
7831,0
7832,0.165888034
7833,0.487110568
7834,0.583881575
7835,0.502725794
7836,0.480113034
7837,0.537293667
7838,0.584006586
7839,0.318442064
7840,0.033388717
7841,0
7842,0
7843,0
7844,0
7845,0
7846,0
7847,0
7848,0
7849,0
7850,0
7851,0
7852,0
7853,0
7854,0
7855,0
7856,0.156097873
7857,0.478834443
7858,0.544160741
7859,0.373885734
7860,0.351600321
7861,0.439405791
7862,0.463221006
7863,0.219555358
7864,0
7865,0
7866,0
7867,0
7868,0
7869,0
7870,0
7871,0
7872,0
7873,0
7874,0
7875,0
7876,0
7877,0
7878,0
7879,0
7880,0.016533647
7881,0.049133597
7882,0.078040922
7883,0.126479437
7884,0.145973677
7885,0.159212777
7886,0.127696666
7887,0.032464939
7888,0
7889,0
7890,0
7891,0
7892,0
7893,0
7894,0
7895,0
7896,0
7897,0
7898,0
7899,0
7900,0
7901,0
7902,0
7903,0
7904,0
7905,0
7906,0.026161825
7907,0.125161856
7908,0.181235505
7909,0.159953662
7910,0.073406451
7911,0
7912,0
7913,0
7914,0
7915,0
7916,0
7917,0
7918,0
7919,0
7920,0
7921,0
7922,0
7923,0
7924,0
7925,0
7926,0
7927,0
7928,0.149547794
7929,0.405906464
7930,0.461345884
7931,0.343552839
7932,0.327895046
7933,0.508290318
7934,0.687441023
7935,0.452686068
7936,0.084206989
7937,0
7938,0
7939,0
7940,0
7941,0
7942,0
7943,0
7944,0
7945,0
7946,0
7947,0
7948,0
7949,0
7950,0
7951,0
7952,0.055098054
7953,0.140134312
7954,0.190479113
7955,0.245392358
7956,0.328046766
7957,0.506954674
7958,0.690668199
7959,0.41682396
7960,0.049172272
7961,0
7962,0
7963,0
7964,0
7965,0
7966,0
7967,0
7968,0
7969,0
7970,0
7971,0
7972,0
7973,0
7974,0
7975,0
7976,0.127291754
7977,0.432434487
7978,0.556799071
7979,0.493703826
7980,0.492270985
7981,0.548792036
7982,0.531941787
7983,0.277494153
7984,0.041362727
7985,0
7986,0
7987,0
7988,0
7989,0
7990,0
7991,0
7992,0
7993,0
7994,0
7995,0
7996,0
7997,0
7998,0
7999,0
8000,0.092086413
8001,0.246047761
8002,0.199088553
8003,0.080275051
8004,0.104547586
8005,0.159213744
8006,0.37187268
8007,0.316044463
8008,0.041583393
8009,0
8010,0
8011,0
8012,0
8013,0
8014,0
8015,0
8016,0
8017,0
8018,0
8019,0
8020,0
8021,0
8022,0
8023,0
8024,0.146922781
8025,0.422543559
8026,0.397951506
8027,0.286111633
8028,0.41056685
8029,0.558369035
8030,0.683206884
8031,0.412808679
8032,0.043232421
8033,0
8034,0
8035,0
8036,0
8037,0
8038,0
8039,0
8040,0
8041,0
8042,0
8043,0
8044,0
8045,0
8046,0
8047,0
8048,0.142534959
8049,0.408963852
8050,0.388570887
8051,0.301781929
8052,0.412749855
8053,0.523356313
8054,0.560382933
8055,0.267911563
8056,0
8057,0
8058,0
8059,0
8060,0
8061,0
8062,0
8063,0
8064,0
8065,0
8066,0
8067,0
8068,0
8069,0
8070,0
8071,0
8072,0.166853776
8073,0.469504925
8074,0.49404986
8075,0.307606245
8076,0.301576316
8077,0.462915045
8078,0.617832657
8079,0.33332227
8080,0
8081,0
8082,0
8083,0
8084,0
8085,0
8086,0
8087,0
8088,0
8089,0
8090,0
8091,0
8092,0
8093,0
8094,0
8095,0
8096,0.1613755
8097,0.427576731
8098,0.441141355
8099,0.236971797
8100,0.136294355
8101,0.257721687
8102,0.503764514
8103,0.310352217
8104,0
8105,0
8106,0
8107,0
8108,0
8109,0
8110,0
8111,0
8112,0
8113,0
8114,0
8115,0
8116,0
8117,0
8118,0
8119,0
8120,0.151919877
8121,0.427965794
8122,0.508343788
8123,0.449139541
8124,0.440571592
8125,0.498803874
8126,0.482425607
8127,0.207303311
8128,0
8129,0
8130,0
8131,0
8132,0
8133,0
8134,0
8135,0
8136,0
8137,0
8138,0
8139,0
8140,0
8141,0
8142,0
8143,0
8144,0.065041023
8145,0.23177817
8146,0.303382592
8147,0.256509642
8148,0.26924097
8149,0.29750562
8150,0.266453594
8151,0.118515004
8152,0
8153,0
8154,0
8155,0
8156,0
8157,0
8158,0
8159,0
8160,0
8161,0
8162,0
8163,0
8164,0
8165,0
8166,0
8167,0
8168,0.115439014
8169,0.379017
8170,0.463625288
8171,0.384535258
8172,0.308901063
8173,0.283606686
8174,0.45029892
8175,0.285895208
8176,0
8177,0
8178,0
8179,0
8180,0
8181,0
8182,0
8183,0
8184,0
8185,0
8186,0
8187,0
8188,0
8189,0
8190,0
8191,0
8192,0.131817547
8193,0.421361869
8194,0.502825533
8195,0.378132653
8196,0.268355778
8197,0.221084427
8198,0.293111076
8199,0.173797162
8200,0
8201,0
8202,0
8203,0
8204,0
8205,0
8206,0
8207,0
8208,0
8209,0
8210,0
8211,0
8212,0
8213,0
8214,0
8215,0
8216,0.085483853
8217,0.276986087
8218,0.307749984
8219,0.185301791
8220,0.163476984
8221,0.300572868
8222,0.459036644
8223,0.247158332
8224,0
8225,0
8226,0
8227,0
8228,0
8229,0
8230,0
8231,0
8232,0
8233,0
8234,0
8235,0
8236,0
8237,0
8238,0
8239,0
8240,0.107128386
8241,0.404947813
8242,0.530574987
8243,0.430683686
8244,0.372599303
8245,0.438598769
8246,0.543068546
8247,0.27673789
8248,0
8249,0
8250,0
8251,0
8252,0
8253,0
8254,0
8255,0
8256,0
8257,0
8258,0
8259,0
8260,0
8261,0
8262,0
8263,0
8264,0.066584677
8265,0.287106216
8266,0.43821376
8267,0.409092092
8268,0.394880321
8269,0.444563043
8270,0.513486284
8271,0.265695355
8272,0
8273,0
8274,0
8275,0
8276,0
8277,0
8278,0
8279,0
8280,0
8281,0
8282,0
8283,0
8284,0
8285,0
8286,0
8287,0
8288,0.017723128
8289,0.141470908
8290,0.283340894
8291,0.310275586
8292,0.265027401
8293,0.264166973
8294,0.324538188
8295,0.172544979
8296,0
8297,0
8298,0
8299,0
8300,0
8301,0
8302,0
8303,0
8304,0
8305,0
8306,0
8307,0
8308,0
8309,0
8310,0
8311,0
8312,0.028749706
8313,0.190924693
8314,0.351309197
8315,0.232233916
8316,0.046537247
8317,0.026934192
8318,0.207767221
8319,0.17336649
8320,0
8321,0
8322,0
8323,0
8324,0
8325,0
8326,0
8327,0
8328,0
8329,0
8330,0
8331,0
8332,0
8333,0
8334,0
8335,0
8336,0.042621652
8337,0.227118016
8338,0.393792416
8339,0.381548061
8340,0.363146519
8341,0.380678448
8342,0.43554322
8343,0.235768554
8344,0
8345,0
8346,0
8347,0
8348,0
8349,0
8350,0
8351,0
8352,0
8353,0
8354,0
8355,0
8356,0
8357,0
8358,0
8359,0
8360,0
8361,0.081672975
8362,0.215034127
8363,0.195037032
8364,0.19079689
8365,0.30260297
8366,0.245746904
8367,0.07148924
8368,0
8369,0
8370,0
8371,0
8372,0
8373,0
8374,0
8375,0
8376,0
8377,0
8378,0
8379,0
8380,0
8381,0
8382,0
8383,0
8384,0
8385,0.106564872
8386,0.176711329
8387,0.145020369
8388,0.236890906
8389,0.382326065
8390,0.345212101
8391,0.12323852
8392,0
8393,0
8394,0
8395,0
8396,0
8397,0
8398,0
8399,0
8400,0
8401,0
8402,0
8403,0
8404,0
8405,0
8406,0
8407,0
8408,0
8409,0
8410,0.041480836
8411,0.15246188
8412,0.190168687
8413,0.226245305
8414,0.321440392
8415,0.17516759
8416,0
8417,0
8418,0
8419,0
8420,0
8421,0
8422,0
8423,0
8424,0
8425,0
8426,0
8427,0
8428,0
8429,0
8430,0
8431,0
8432,0.054973272
8433,0.207383043
8434,0.303682269
8435,0.248342856
8436,0.111119911
8437,0.019960723
8438,0
8439,0
8440,0
8441,0
8442,0
8443,0
8444,0
8445,0
8446,0
8447,0
8448,0
8449,0
8450,0
8451,0
8452,0
8453,0
8454,0
8455,0
8456,0
8457,0
8458,0
8459,0
8460,0
8461,0
8462,0
8463,0
8464,0
8465,0
8466,0
8467,0
8468,0
8469,0
8470,0
8471,0
8472,0
8473,0
8474,0
8475,0
8476,0
8477,0
8478,0
8479,0
8480,0
8481,0.042036057
8482,0.041061355
8483,0.020400036
8484,0.108338893
8485,0.277970027
8486,0.425848991
8487,0.229628119
8488,0
8489,0
8490,0
8491,0
8492,0
8493,0
8494,0
8495,0
8496,0
8497,0
8498,0
8499,0
8500,0
8501,0
8502,0
8503,0
8504,0.026336752
8505,0.17896736
8506,0.326775362
8507,0.267844161
8508,0.179885324
8509,0.08143457
8510,0.028979044
8511,0.028006017
8512,0
8513,0
8514,0
8515,0
8516,0
8517,0
8518,0
8519,0
8520,0
8521,0
8522,0
8523,0
8524,0
8525,0
8526,0
8527,0
8528,0
8529,0.020903218
8530,0.020236515
8531,0.024848561
8532,0.134130054
8533,0.340282608
8534,0.532058084
8535,0.291283689
8536,0
8537,0
8538,0
8539,0
8540,0
8541,0
8542,0
8543,0
8544,0
8545,0
8546,0
8547,0
8548,0
8549,0
8550,0
8551,0
8552,0.030646183
8553,0.226861977
8554,0.411196156
8555,0.350368566
8556,0.301956068
8557,0.39712161
8558,0.547656394
8559,0.302811187
8560,0
8561,0
8562,0
8563,0
8564,0
8565,0
8566,0
8567,0
8568,0
8569,0
8570,0
8571,0
8572,0
8573,0
8574,0
8575,0
8576,0.043891389
8577,0.112093965
8578,0.117707504
8579,0.146551038
8580,0.212877149
8581,0.113893152
8582,0.055431862
8583,0.052177432
8584,0
8585,0
8586,0
8587,0
8588,0
8589,0
8590,0
8591,0
8592,0
8593,0
8594,0
8595,0
8596,0
8597,0
8598,0
8599,0
8600,0
8601,0.018278587
8602,0.027019613
8603,0.08696888
8604,0.228306662
8605,0.401485654
8606,0.577189291
8607,0.398176829
8608,0.072879163
8609,0
8610,0
8611,0
8612,0
8613,0
8614,0
8615,0
8616,0
8617,0
8618,0
8619,0
8620,0
8621,0
8622,0
8623,0
8624,0.021886372
8625,0.160891781
8626,0.347938093
8627,0.389965586
8628,0.361051106
8629,0.448554773
8630,0.619598059
8631,0.460040805
8632,0.110487522
8633,0
8634,0
8635,0
8636,0
8637,0
8638,0
8639,0
8640,0
8641,0
8642,0
8643,0
8644,0
8645,0
8646,0
8647,0
8648,0
8649,0.13320109
8650,0.38110878
8651,0.438090502
8652,0.369390532
8653,0.357594806
8654,0.488070851
8655,0.376839303
8656,0.077174642
8657,0
8658,0
8659,0
8660,0
8661,0
8662,0
8663,0
8664,0
8665,0
8666,0
8667,0
8668,0
8669,0
8670,0
8671,0
8672,0.023806855
8673,0.176915569
8674,0.337639044
8675,0.372835813
8676,0.403195472
8677,0.452584252
8678,0.569138393
8679,0.406863978
8680,0.08022347
8681,0
8682,0
8683,0
8684,0
8685,0
8686,0
8687,0
8688,0
8689,0
8690,0
8691,0
8692,0
8693,0
8694,0
8695,0
8696,0.023640498
8697,0.158843648
8698,0.129974744
8699,0
8700,0
8701,0
8702,0
8703,0
8704,0
8705,0
8706,0
8707,0
8708,0
8709,0
8710,0
8711,0
8712,0
8713,0
8714,0
8715,0
8716,0
8717,0
8718,0
8719,0
8720,0.01634275
8721,0.212686169
8722,0.421372758
8723,0.312200417
8724,0.08676935
8725,0.044774747
8726,0.195908011
8727,0.143150289
8728,0
8729,0
8730,0
8731,0
8732,0
8733,0
8734,0
8735,0
8736,0
8737,0
8738,0
8739,0
8740,0
8741,0
8742,0
8743,0
8744,0.023211862
8745,0.222699036
8746,0.446310389
8747,0.436424779
8748,0.319651643
8749,0.330858671
8750,0.444744448
8751,0.280754398
8752,0.041310907
8753,0
8754,0
8755,0
8756,0
8757,0
8758,0
8759,0
8760,0
